-1.3753564358,-0.978001833,0.1498472095
3.8377161026,-5.6232228279,2.9747037888
5.7970023155,3.7125048637,-1.3419342041
-2.2653660774,-2.9389345646,2.4249863625
-1.7602347136,5.3073868752,0.1663897932
-2.999651432,6.550535202,2.6830368042
2.8999180794,-0.0036218062,-0.066545859
1.9133520126,-2.0166680813,0.7330327034
6.4801831245,-1.0298293829,-1.5084652901
-6.9730830193,1.4965996742,2.0833206177
2.7190027237,-2.5966825485,2.3662595749
-3.9423880577,6.4433541298,-2.2252597809
6.1012454033,4.256603241,1.6414200068
-1.7921357155,-5.8728652,0.0580862574
-2.647808075,5.1583247185,0.1663897932
1.9565336704,-6.1127882004,2.7830557823
6.5383543968,-3.4277887344,1.566419363
-1.991797924,-5.8844752312,0.0580860786
6.5431694984,-2.3278055191,1.566419363
-5.0083227158,-4.8440084457,-0.1168064326
4.8356866837,-6.0546579361,-2.5584635735
2.9812088013,7.2543916702,-0.0333430842
5.8601121902,-4.7564563751,-1.8334634304
6.4959554672,-1.3293762207,-1.5667990446
-5.8478722572,-4.5413761139,-0.5668067336
1.6856933832,-4.7337059975,2.2330400944
6.0078167915,4.904718399,-2.1499989033
3.515941143,-6.4306130409,3.0663881302
4.4628696442,-0.2051261365,-0.1834853739
-7.2451534271,2.0073857307,-2.1752569675
2.3818581104,7.2491264343,0.0749898106
-5.6062455177,4.6606302261,0.1913895458
1.5457206964,7.1609740257,0.1748539358
-6.1357207298,-1.1435127258,1.2080626488
-3.2540683746,-1.2616493702,0.1498472095
-5.3772301674,-5.7999200821,-0.291917026
3.3875441551,-3.0262975693,2.7662587166
-1.3511002064,6.2213606834,3.0747022629
4.1335487366,-5.6730561256,2.9747033119
-6.0028934479,-0.4598620236,1.5580621958
6.0974302292,-0.9137226939,-1.3169304132
-0.9519959092,6.194627285,3.074701786
5.655143261,2.1370677948,-1.6586009264
-5.2982439995,-5.4679522514,3.0747280121
3.0985741615,-0.02604107,-0.1665456146
-0.8557987809,-3.0607523918,-2.4083333015
6.4984049797,-3.8251204491,1.3747534752
-2.6358108521,6.3850040436,2.7913701534
1.7692511082,-6.0426073074,2.7830557823
6.5245623589,-1.7284460068,1.6414200068
-6.6133489609,-3.759950161,-0.9584741592
6.2211852074,2.5608398914,1.6414200068
5.3557639122,-5.7618489265,-1.7665342093
-7.7532439232,-0.5791282058,-1.533587575
2.6786985397,-0.3659219146,0.1498472095
-5.7603096962,-5.6848039627,-0.291917026
-7.1671056747,3.1454255581,1.3413910866
5.8558330536,2.1968848705,1.7496960163
1.2913985252,-3.1322453022,1.3830343485
5.7394299507,-1.9089287519,-0.9165446162
6.6677384377,6.339343071,-1.6666693687
2.1431970596,-0.462423563,1.5245915651
-2.2090184689,7.0501847267,-0.0250131357
-5.1221013069,3.3834326267,-0.4834240377
-6.7961421013,1.3265252113,2.0663943291
-2.2328197956,-5.0283002853,-2.9834609032
-0.4053142667,5.7933130264,2.1245918274
6.2236452103,-3.4044718742,-1.8334634304
6.5916509628,5.947324276,-1.8666666746
5.7133321762,2.9840872288,1.7663625479
-6.6267147064,-2.0130691528,1.0247294903
4.6253490448,6.4951405525,2.8664186001
0.6666669846,-1.50856294567e-06,0.0001165354
4.6784038544,-1.0344299078,0.6080322862
2.1570544243,-0.1627436578,1.5245915651
-4.7837820053,7.0586624146,-2.8334271908
3.2301516533,5.1884593964,0.1247266307
2.535589695,5.1013813019,0.124725692
3.0642185211,6.8258991241,2.8580863476
-6.5521616936,5.7500367165,-2.0584793091
-6.1143474579,5.6776504517,-1.8334265947
-2.1404979229,1.6589813232,1.549857378
2.3214821815,-1.7300809622,0.4830318987
6.0974302292,-0.9137226939,-1.3669292927
5.7148008347,-2.3600256443,-2.2169265747
4.3699073792,-3.1459136009,-3.0169277191
-7.6308608055,-3.576277256,-1.4252541065
-1.8637294769,4.1174783707,1.0665220022
2.968211174,6.8538713455,2.8580863476
4.9793109894,-1.1235541105,-0.6248784661
-5.0622315407,6.9477686882,-2.6834270954
-6.6854791641,-4.5401611328,2.4498546124
-4.2662267685,5.8267903328,-1.8752585649
-3.2098846436,2.6004090309,-0.3834239841
0.5022382736,7.1987690926,3.0664217472
1.2988938093,-1.1198015213,-2.4083333015
-3.8932874203,7.1611337662,-3.108427763
-7.0009708405,1.7824183702,1.9747277498
-1.1093657017,7.0226788521,-0.0250121523
5.1405358315,5.8963308334,-1.0834767818
-0.3357008994,-2.5922470093,-2.4083333015
2.6999983788,0.0002416892,0.0001206288
-6.48067379,-4.9850974083,2.4247293472
5.7412962914,0.9420554638,-1.4669338465
6.0678453445,-3.9838891029,-1.8334634304
1.447245717,7.1435790062,0.1748537421
-2.2263629436,-2.4401159286,1.549857378
2.4876899719,-0.0489308387,-2.4083333015
-5.8991599083,-1.7849446535,0.2581805587
0.6666669846,-1.50856294567e-06,0.0001185322
2.1749374866,-1.6565738916,1.8162579536
1.6999993324,0.0001215679,0.0001196304
-7.212035656,2.5493619442,1.6413937807
5.7085804939,-0.9762988687,-0.9334843755
5.3687272072,-2.7191009521,-2.4669275284
-3.1702103615,-2.1507341862,2.4249863625
5.5568594933,-1.6708773375,-0.9165446162
6.3660783768,-3.5434565544,-1.641541481
1.821577549,-5.3888459206,2.6916532516
5.8757715225,-2.1072015762,-2.0669267178
2.1247205734,-0.8619968891,1.5245915651
5.9899454117,-4.273601532,-1.8334634304
-6.6684093475,-3.6764857769,-1.0084739923
-0.5058077574,5.8322782516,0.7498539686
3.9649047852,-0.1780505031,0.066514045
-0.6521655321,5.6959733963,0.7498539686
3.6403009892,6.6581993103,2.8664197922
-6.7989268303,-1.5493021011,-1.7668099403
-5.1073069572,-5.481127739,2.9998538494
1.3570671082,-4.1196827888,1.8830394745
0.8860731721,7.1367311478,0.0749898106
6.1224112511,3.9573538303,1.6414200068
0.035797596,-2.2576003075,-2.4083333015
-6.5348372459,-2.0694901943,0.5915142894
2.1136417389,2.622582674,1.8245908022
-1.6621364355,-3.4644014835,2.4249863625
-5.0064387321,3.9104142189,-2.3835883141
1.9865398407,-0.4704223871,0.1498472095
-3.2098846436,2.6004090309,-0.3834239841
-0.0960671753,7.243830204,3.066422224
-4.4819192886,4.7495961189,-1.8835912943
-4.422958374,4.8602004051,0.1663897932
-4.9087934494,-4.8535895348,-0.0668062717
6.4681200981,-0.9304383397,1.6414200068
-3.2699017525,6.6806941032,2.7413699627
-1.2671409845,5.3901991844,0.1663897932
4.7588329315,-3.0553286076,-2.8169281483
-3.6426649094,2.7749857903,-0.3834239841
-2.7931919098,-2.4791510105,2.4249863625
-6.5314531326,-4.6677341461,2.4498546124
1.4439532757,6.0907154083,-3.1168191433
5.8821706772,5.4271755219,2.0164189339
0.0981853902,-5.6969218254,0.1414207369
0.7787945271,-1.5883069038,-2.4083333015
-6.5743851662,4.168170929,0.7413898706
-0.089924939,-0.7839272022,0.1498472095
6.1083006859,4.1568536758,1.6414200068
3.4164123535,-6.4210247993,3.0247216225
4.3640680313,-0.1897569746,-0.1334855855
-3.0693237782,7.0895504951,-2.7752594948
-0.3844967484,-5.2355270386,2.7830557823
-6.7210268974,-1.156961441,-1.7668099403
-5.5124182701,-1.6828147173,0.2581805587
6.4864115715,-1.1296354532,-1.5084652901
6.6426405907,6.8870387077,-0.8666728735
4.959915638,-5.9738674164,-2.7665350437
-7.4009895325,-3.9410448074,1.8915205002
5.0500087738,4.7625079155,2.0246944427
-2.1492452621,6.2756586075,3.0413694382
-0.0667344704,6.2411928177,0.7498539686
1.4714076519,-4.3967347145,2.0330395699
6.516055584,7.0195684433,-0.7666726708
-7.7681212425,-0.1794047803,-1.533587575
2.2795202732,-5.4267835617,-0.0002455267
2.3999986649,0.000205548,0.0001203293
-5.2372908592,6.8512225151,-2.5834271908
-2.1446864605,1.4590258598,1.549857378
1.6735424995,3.5151922703,2.1162569523
5.8263530731,-2.1941254139,-2.1169261932
5.7309279442,1.0415165424,-1.4669338465
6.3369603157,-3.04560709,-1.3915411234
2.2705352306,-1.940639019,1.9662592411
-3.8128597736,-5.2802534103,-2.9834580421
-7.6491026878,-3.3771941662,-1.5252543688
-6.1673898697,4.8847417831,-1.4334279299
-3.8473472595,-1.3512222767,0.1498472095
-4.5940995216,4.4716610909,-2.033588171
-3.5535082817,6.7776432037,2.8913700581
3.0411119461,6.075044632,3.0080311298
4.6393895149,2.8124523163,-2.1499989033
-2.4413194656,-3.708250761,1.11652565
-2.1677234173,0.3592685163,1.549857378
-1.8919668198,-5.8786702156,0.058086168
2.2182240486,2.1336927414,1.7412583828
-0.8936553597,-5.82062006,0.0580869541
0.6666669846,-1.50856294567e-06,0.0001150377
6.1320829391,-1.9828212261,-1.2918155193
-4.1054801941,-5.308722496,-2.9500005245
2.8518550396,-5.4557447433,2.9330391884
-5.4968924522,-5.4454703331,2.9747281075
-6.7624921799,-4.4763746262,2.4498546124
6.5396676064,-3.1277933121,1.566419363
5.4110989571,-5.5935788155,-2.7668166161
1.3404861689,4.0132441521,2.2829239368
-0.699747026,-4.1711144447,2.6916532516
5.569920063,4.2351932526,-2.1499989033
2.0865254402,2.7188255787,1.8745903969
2.0795280933,-5.4275660515,0.0247542728
-4.794719696,-5.4309577942,-2.9666659832
-2.1614406109,0.6592027545,1.549857378
-2.8535511494,-4.2695746422,0.7665267587
5.6467647552,-0.897706449,-0.8834843636
-4.5274806023,-0.9684514403,2.4249863625
-6.9635133743,-2.433806181,-1.6584764719
6.371178627,-4.0605401993,-1.51681602
6.0794763565,7.1510658264,-0.0333416164
-3.8085134029,7.0901932716,-0.0250145681
-6.1835651398,-1.8795545101,0.3915138543
-7.5354042053,-3.9640352726,-1.2252527475
-2.0675106049,-1.0825035572,0.1498472095
-7.7234892845,-1.3785738945,-1.533587575
3.3804526329,0.8875770569,-2.1499989033
3.0075044632,0.4198833108,-2.3916666508
-4.324338913,4.876762867,0.1663897932
-3.3210115433,-2.0193741322,2.4249863625
-7.1573991776,0.8502672911,-1.3251436949
-6.6945090294,-2.1897892952,0.691514492
5.78276968,0.5442116261,-1.4669338465
2.2078647614,0.9360827208,1.5245915651
-2.6088922024,7.0601868629,-0.0250134934
6.4489049911,-4.0188126564,1.2747541666
-6.7323722839,5.2848844528,-1.8501449823
-7.218272686,1.9323549271,2.0833206177
-7.8169493675,4.9725780487,1.4749853611
5.6926374435,3.8840641975,-1.2084730864
4.2804822922,7.2110614777,-0.0333424211
5.2626786232,-5.2916097641,0.3747571111
4.5160455704,6.6733579636,-0.8334779143
-0.9447860122,5.4232621193,0.7581873536
4.2449126244,5.6283545494,2.5913636684
6.2569899559,7.2287101746,-0.4166732132
-7.8881177902,3.9751148224,1.4999850988
1.3932652473,-0.559994936,0.1498472095
4.0706219673,-3.162040472,3.1162576675
-0.310553968,7.0468149185,0.0749885812
5.116045475,-0.4467550814,-0.5334852934
6.2569899559,7.2287101746,-0.3666731715
6.0022320747,-4.5668964386,-2.1915397644
-4.9799113274,-0.5743533969,2.4249863625
4.0139164925,-6.4037160873,-2.9667978287
6.167974472,-5.0620155334,-2.0668158531
-6.9614496231,-5.0113306046,-0.8419173956
6.0974302292,-0.9137226939,-1.2669304609
2.8428945541,6.1016750336,3.0163648129
-1.5113290548,-3.5957682133,2.4249863625
-1.2046138048,5.1200170517,0.9581881762
5.464682579,-5.3093767166,-2.0082042217
2.8812646866,7.257724762,-0.0333431736
6.1435770988,3.6581008434,1.6414200068
-1.1515481472,6.2079939842,3.0747020245
5.7726511955,-2.2784705162,-2.1669268608
-6.2398724556,-5.1635184288,2.5747287273
4.8036007881,3.0635242462,-2.1499989033
0.610491395,6.8321447372,0.5748534203
0.6022310257,-0.679425478,0.1498472095
-2.4445912838,6.3266777992,2.8913700581
-4.143986702,-1.3960087299,0.1498472095
-0.4102729559,7.0393218994,0.0749884918
6.6395030022,6.1414294243,-1.7666680813
5.6493058205,-5.0521268845,-2.1998729706
-1.3928112984,-5.8496451378,0.0580866188
-4.6914544106,4.2970504761,-2.1335880756
-2.1802890301,-0.2405999899,1.549857378
0.6666669846,-1.50856294567e-06,0.0001168349
3.9779586792,-6.1159601212,-3.1415343285
5.720559597,1.1409778595,-1.4669338465
-7.7183790207,0.8169133067,-1.691919446
0.2030856013,7.2212996483,3.0664219856
-4.8040223122,7.005358696,0.1083175838
-2.2242686749,-2.3401374817,1.549857378
-6.6575374603,6.6081886292,0.4249835908
1.8881027699,-4.9547543526,2.3830401897
-5.5951256752,-5.4268126488,2.9247283936
5.3557639122,-5.7618489265,-2.2665343285
4.279522419,-5.4272985458,-0.000243529
-7.4009895325,-3.9410448074,2.1415216923
4.1628694534,-1.338449955,0.3996991813
5.8651475906,3.4148628712,-1.2834720612
6.3728075027,-4.26045084,-1.6168158054
0.088321954,7.0767869949,0.0749891326
6.5316176414,-1.8281970024,1.6414200068
6.2661709785,0.956619978,-1.3834670782
-7.5532836914,1.4940392971,-1.9752565622
-0.1871014982,-2.4583883286,-2.4083333015
-2.2179858685,-2.0402021408,1.549857378
2.5841817856,6.965760231,2.8580863476
-3.0228397846,-5.1542768478,-2.9834594727
-0.5586000085,-2.7930350304,-2.4083333015
3.2177772522,-6.3977017403,3.0247216225
-7.7758893967,0.3202761114,-1.6335868835
-0.0998179615,-5.7251143456,0.1414207369
1.4843860865,7.1816892624,0.0749898106
-6.8450336456,-3.3183341026,-1.2084745169
5.5872440338,-2.5139608383,-2.3169271946
-2.1530635357,1.059114933,1.549857378
1.3713419437,-5.1713938713,2.6916532516
4.9243946075,-0.8627135754,0.6330320239
-4.8291010857,-0.7057194114,2.4249863625
6.6789913177,7.1281542778,-0.0916746557
-7.0999474525,0.658782959,-1.2251435518
4.1330895424,6.5780320168,3.0330858231
2.7775783539,-0.3509932756,0.1498472095
-5.6901025772,6.8486943245,0.1833172739
-2.1425921917,1.5590035915,1.549857378
-2.2221744061,-2.2401590347,1.549857378
-7.2020769119,2.4498693943,1.6913932562
-1.0787191391,-0.9332153797,0.1498472095
-1.0153440237,6.6991410255,2.4079239368
-7.078810215,1.9666434526,1.9413944483
5.3092746735,4.1124386787,1.9413621426
5.4223074913,-0.3731738925,0.8496983647
-0.7071993947,-2.9268937111,-2.4083333015
0.7830804586,6.9330410957,0.4748534858
-6.2638978958,-1.4144419432,1.0580630302
6.3544697762,-4.459526062,-1.7168165445
0.7999899387,-0.6495678425,0.1498472095
5.1855063438,5.8070244789,-1.133476615
1.7999992371,0.0001335351,0.0001197303
0.6666669846,-1.50856294567e-06,0.0001177334
-6.3330860138,0.6751688123,2.1580605507
-5.4018368721,6.7376823425,-2.4834275246
5.128200531,4.5784993172,1.9413621426
6.2141299248,2.6605908871,1.6414200068
3.2795193195,-5.4270410538,-0.0002445279
6.2569899559,7.2287101746,-0.5166732669
0.7033392787,5.4522409439,-0.3586093187
-1.194763422,7.2506637573,-3.1084289551
2.9489793777,-2.7888870239,2.516258955
0.3450970054,6.1077437401,3.0747005939
-7.5907082558,1.4013171196,-1.925255537
5.6998229027,1.3399004936,-1.4669338465
-4.5475111008,6.8200273514,-3.0918140411
-2.8293399811,-4.7472710609,-2.5750005245
6.3275117874,-3.0181937218,-1.8334634304
1.9437990189,6.1031036377,-3.1168196201
2.6348128319,5.1138210297,0.1247258708
0.6666669846,-1.50856294567e-06,0.0001164355
-4.9323058128,-1.529619813,0.2581805587
3.3170948029,-6.4093632698,3.0247216225
-7.6334428787,5.6444010735,1.1249849796
3.2264485359,7.3696627617,-0.1251453459
3.9363269806,-5.6398339272,2.9747035503
-3.8899407387,-5.9420204163,-0.0085821934
3.7807617188,7.2277269363,-0.0333426446
-6.0566973686,0.0359274112,1.8080618382
-5.2707386017,-5.4486942291,2.8998541832
-3.2899670601,-5.9471702576,-0.008581724
5.4451732635,-5.2099833488,0.4747572243
5.3775434494,-5.6134734154,-1.6748679876
6.1294665337,3.8576028347,1.6414200068
1.9379752874,5.0649662018,-0.0669419318
-0.2876837254,-0.8137848377,0.1498472095
1.5991312265,7.1161570549,3.0664207935
5.9289898872,1.2029459476,1.558028698
5.650056839,1.8373913765,-1.5086007118
-2.3641500473,-1.1272900105,0.1498472095
-7.8951931,3.8753652573,1.4999850988
-0.1816228032,5.5674381256,0.0913899988
3.3379983902,6.0322151184,2.9580304623
-2.1949489117,-0.9404466152,1.549857378
2.180150032,0.3367227316,1.5245915651
5.4547762871,4.5421004295,-1.3084732294
6.3280115128,-3.2617075443,-1.51681602
2.9795196056,-5.4269638062,-0.0002448275
-1.6923046112,-5.8670601845,0.0580863468
-2.1258380413,2.3588280678,1.549857378
2.19049263,-0.3166488707,-2.4083333015
-6.4992489815,4.2341446877,0.6913900375
-6.8963017464,-2.0397276878,-1.7668099403
-4.7555398941,3.2238974571,-0.3834239841
5.8465776443,3.1168103218,-1.6419332027
3.8926002979,7.166531086,-0.4751446843
-6.0202965736,-0.1606480777,1.7080618143
6.543607235,-2.227807045,1.566419363
5.6785731316,-1.8295782804,-0.9165446162
-2.2012317181,-1.2403800488,1.549857378
2.2647919655,-0.2497193515,-2.4083333015
2.1992127895,2.2318587303,1.7829242945
0.9211059809,-4.9539418221,2.6916532516
5.6655397415,3.1782081127,1.8663618565
3.6808176041,7.2310600281,-0.0333426893
5.8914794922,3.3184027672,-1.3334714174
6.2569899559,7.2287101746,-0.5666733384
-2.5386414528,-3.8828794956,1.0165258646
0.6604059339,4.7462463379,2.3829238415
2.2263412476,1.3356560469,1.5245915651
3.7088665962,1.3897166252,-2.1499989033
6.2755784988,-3.211332798,-1.8334634304
-3.0087659359,7.0701889992,-0.025013851
-7.7495245934,-0.6790590882,-1.533587575
2.0826995373,7.226647377,0.0749898106
3.7209162712,5.9188928604,2.7580301762
5.9220004082,-2.1469800472,-0.9165446162
-5.5917778015,6.8669247627,0.1833172739
4.4296956062,-5.7208304405,3.0163693428
3.1184597015,-6.3860402107,3.0247216225
-3.2098846436,2.6004090309,-0.3834239841
-7.1963481903,2.8454625607,-1.5834774971
-4.2334823608,5.9212675095,-1.9252582788
6.5791969299,7.1344003677,-0.0416747183
6.3830299377,-2.7236120701,-1.7084647417
4.5832767487,6.5993318558,-0.8334779143
4.8171024323,-1.0065540075,-0.6248784661
-6.7903885841,2.665558815,-2.1835901737
-6.7192296982,-3.5903737545,-1.0584743023
-1.7708728313,-1.037717104,0.1498472095
5.6484518051,2.0373022556,-1.6086006165
5.7635278702,3.6970477104,-1.2084730864
-6.1942987442,6.2288308144,-2.3584804535
1.2508546114,7.10592556,0.2248533368
-6.9165182114,-4.3488016129,2.4498546124
4.5138225555,5.1376533508,-0.3419384956
0.6866355538,7.1217451096,0.0749896765
4.9542107582,4.9379777908,2.1246953011
5.3557639122,-5.7618489265,-2.5165348053
6.1271328926,1.5402597189,-1.3334679604
-0.8949285746,7.2606115341,-3.1084289551
-2.0916290283,-5.8902802467,0.0580859929
1.9626535177,-5.0213890076,2.4330396652
-4.7046074867,7.0161705017,0.1083176732
-2.508923769,7.0576863289,-0.025013404
-0.1988196373,-5.7392106056,0.1414207369
2.6490645409,-2.5252218246,2.3162596226
-4.3066177368,-5.3589887619,-2.9834578037
5.279923439,7.1777305603,-0.033341974
3.4795191288,-5.4270925522,-0.0002443281
-0.0166026689,5.3392043114,2.424590826
-3.5934507847,7.171081543,-3.108427763
4.8583378792,3.1472148895,-2.1499989033
-6.2617983818,0.5422571301,2.4249863625
-6.8076524734,-3.4110741615,-1.1584746838
2.2437081337,6.1105365753,-3.116820097
-3.3529481888,-1.2765781879,0.1498472095
5.8499703407,3.3166985512,-1.5419327021
-6.5487036705,0.8203062415,2.2749867439
5.3557639122,-5.7618489265,-1.8665341139
3.6742146015,-3.1137723923,2.9162583351
-2.2284572124,-2.5400943756,1.549857378
2.5999984741,0.0002296321,0.000120529
5.652946949,-2.4385881424,-2.2669272423
-7.6594929695,2.7167818546,2.0666539669
6.5283203125,-3.6274540424,1.4747527838
5.8008656502,-4.9473991394,-1.9251298904
-5.3978495598,-5.459195137,3.0247280598
-6.599152565,2.8963422775,-2.3335905075
5.9530797005,4.8210277557,-2.1499989033
-6.3372035027,0.6079401374,2.4249863625
-3.3899626732,-5.9463119507,-0.0085818022
-4.1931214333,7.1511859894,-3.1084275246
-0.7094839811,7.0176753998,0.0499882139
-3.7326221466,4.9761376381,0.1663897932
-7.0402755737,1.8743709326,1.9747277498
-7.4120597839,-3.6748046875,1.5415189266
-7.674580574,1.1135720015,-1.775254488
2.2912461758,-5.2483143806,2.6330392361
-6.6870017052,-0.959933579,-1.7001433372
1.4035891294,3.9356808662,2.2329239845
5.3572878838,5.2344861031,-1.4334740639
6.4420480728,7.0868058205,-0.7166728377
-1.8378099203,-4.9653120041,-2.9834618568
-3.7085449696,7.0876927376,-0.0250144787
0.9345313311,4.4550347328,2.3162572384
4.866133213,-6.0085501671,-2.816534996
-3.2098846436,2.6004090309,-0.3834239841
2.4618570805,-2.2911593914,2.1662592888
5.9302659035,1.3029379845,1.558028698
-7.2001504898,2.545488596,-1.5834774971
-7.6234512329,1.306840539,-1.8752552271
-3.4899582863,-5.9454536438,-0.0085818805
5.989563942,5.1473560333,1.8664188385
-2.8902778625,-5.9367203712,0.058085274
0.9011092186,7.1687283516,3.0664215088
-7.0784649849,3.4317374229,1.1913912296
-4.9985470772,-5.4642653465,-3.058457613
3.5446596146,1.138646841,-2.1499989033
-3.549926281,2.7375764847,-0.3834239841
-0.9656419158,-4.0325217247,2.5916531086
-0.1128017977,-2.3914589882,-2.4083333015
-5.2938194275,3.485804081,-0.5834239125
-7.3079209328,-3.0861916542,1.241517663
5.3549466133,-5.2530784607,0.4247572422
-6.5228481293,-1.8421545029,1.0247294903
2.1817674637,-5.56280756,2.6916532516
2.3436779976,6.1130142212,-3.116820097
4.9445753098,-2.981392622,-2.7169280052
-3.2098846436,2.6004090309,-0.3834239841
-4.4008255005,-5.3613433838,-2.9666666985
-4.6051926613,7.0269823074,0.1083177626
5.9971542358,-1.8331612349,-1.9169288874
-7.6788573265,-2.5777442455,-1.533587575
-5.7057890892,-1.7338796854,0.2581805587
-0.930098474,-3.1276817322,-2.4083333015
-6.3755760193,3.0959558487,-2.4835898876
6.333407402,-3.3615615368,-1.51681602
-7.4634623528,2.3681101799,2.0833206177
6.6426405907,6.8870387077,-1.0666719675
-6.4189815521,-1.6712398529,1.0247294903
-6.8491282463,0.1140898168,-1.1501433849
-7.2169861794,2.7492179871,1.5413928032
5.3557639122,-5.7618489265,-2.0665333271
6.3064279556,-2.8622915745,-1.51681602
4.0744299889,5.7329306602,2.5913636684
0.5864208341,4.8135085106,2.424590826
1.4883272648,-5.937335968,2.7830557823
-5.5831522942,-0.0488895774,2.4249863625
-4.9410200119,3.2987160683,-0.3834238946
6.1413302422,-2.4807724953,-1.0915440321
-4.3417463303,-1.4258663654,0.1498472095
-7.7546253204,0.5191108584,-1.691919446
3.982544899,1.8081662655,-2.1499989033
-3.9208807945,2.887213707,-0.3834239841
1.5444723368,5.1329641342,-0.2669425607
1.7887816429,-0.500279665,0.1498472095
1.2245937586,-1.1867308617,-2.4083333015
0.6666669846,-1.50856294567e-06,0.0001179331
0.1455442309,6.1211104393,3.0747008324
1.675609827,-6.007516861,2.7830557823
6.3744926453,-4.1604752541,-1.5668160915
-6.678647995,-2.0985264778,1.0247294903
1.2943861485,-0.5749237537,0.1498472095
2.1154079437,-1.2617009878,1.6162577868
-1.6944875717,7.2340841293,-3.1084287167
4.1647791862,-0.1739163697,-0.0334857889
4.9283928871,-5.7188639641,-3.0168163776
0.8441212773,6.0772385597,3.1247003078
-5.1132946014,4.7442631721,0.1663897932
-3.4571876526,2.7001671791,-0.3834239841
-1.3093025684,7.0276799202,-0.0250123311
-6.8395051956,-4.4125881195,2.4498546124
-3.2098846436,2.6004090309,-0.3834239841
4.9064488411,6.3911466599,2.7164185047
-7.021291256,-2.7079956532,1.1747295856
4.3787603378,6.8187379837,-0.7751439214
-0.609710753,7.0243358612,0.074988313
-2.1970431805,-1.0404245853,1.549857378
-6.9223613739,1.5985132456,1.9747277498
-5.4157328606,-1.6572822332,0.2581805587
-7.7425432205,0.6183783412,-1.691919446
2.0437684059,6.1055812836,-3.1168198586
5.4541339874,3.7395899296,1.9413621426
2.9842517376,-1.5161697865,0.1330319047
2.0546331406,2.8135926723,1.9245903492
-2.1342151165,1.9589145184,1.549857378
-2.2465553284,-3.0396034718,1.4665240049
-1.7944324017,7.2307682037,-3.1084287167
-6.9240450859,1.4094486237,2.0833206177
-3.0899806023,-5.9474978447,0.0330851153
2.1365706921,7.2653441429,0.174854055
-1.2094427347,-3.8581855297,2.4416530132
1.3846672773,7.1741962433,0.0749898106
-7.0221209526,1.5837507248,2.0833206177
5.2962346077,3.816740036,-2.1499989033
5.3817043304,3.926014185,1.9413621426
3.4833014011,-1.4907947779,0.0496990755
-1.987257123,7.1841096878,2.9579246044
5.7803435326,2.7229933739,-1.8252673149
-3.8312416077,4.9595751762,0.1663897932
2.7848873138,0.2187871337,-2.4083333015
2.33156991,-6.2518434525,2.8163888454
-2.23264575,-2.7400512695,1.549857378
-5.1509685516,6.9016842842,-2.6334271431
0.8729404807,6.9768953323,0.4248535931
-2.3417959213,-4.3993477821,-2.4083333015
4.3804264069,7.2077283859,-0.0333423764
-2.3941042423,7.2108726501,-3.1084284782
-4.8784089088,7.0263557434,-2.7834272385
-5.4091529846,4.6945757866,0.1663897932
-2.2780981064,-3.2370166779,1.3665246964
-1.2400602102,-4.9629430771,2.9997227192
0.5033515692,-0.6943542957,0.1498472095
2.2350456715,7.2827391624,0.174854055
-6.8473339081,2.5833568573,-2.1752569675
-3.6508789063,6.8003792763,2.9413702488
-4.0931773186,7.154501915,-3.1084275246
-2.1593463421,0.7591808438,1.549857378
-7.2019586563,2.9485697746,1.4413927794
-0.3952198625,7.2663607597,3.0747559071
-7.1421895027,3.8420226574,-1.783477664
-6.6769475937,-0.5607252717,-1.5001415014
-6.4490599632,5.9213171005,-2.1584808826
6.3428254128,-3.7420170307,-1.7415411472
5.3304667473,6.128639698,2.4664187431
-5.2431378365,6.7533349991,-2.908479929
3.7372803688,6.6338486671,2.9164195061
6.0762782097,-5.1587786674,-2.3668158054
5.9271645546,-5.2919392586,-2.4668161869
3.4351882935,0.9712669849,-2.1499989033
-2.4877970219,-3.7967820168,1.0665256977
3.5795190334,-5.4271183014,-0.0002442282
-6.231487751,0.5029926896,2.0580611229
-6.7460465431,1.2399897575,2.116394043
-4.1063594818,2.9620323181,-0.3834239841
-5.7109255791,6.5804843903,-2.6584801674
-7.8943548203,3.4759631157,1.6666513681
5.5030412674,-5.5542778969,-2.7168166637
0.4871979058,7.1067590714,0.0749894977
2.4809389114,-0.3957791924,0.1498472095
-0.0099323001,-5.3758888245,2.7830557823
-7.8315153122,4.7731113434,1.4999850988
2.1201014519,-0.9618902206,1.5245915651
3.3833448887,-1.493680954,0.024698982
0.4044721425,-0.7092831135,0.1498472095
1.2440149784,6.0857601166,-3.1168189049
0.395190537,-5.6546330452,0.1414207369
6.2793645859,7.1443996429,-0.033341527
-2.4089553356,7.0551857948,-0.0250133146
-2.2305514812,-2.6400728226,1.549857378
-3.6226263046,-1.7566434145,2.4249863625
6.4822306633,-1.129940033,1.6414200068
-0.5948266387,-5.7955956459,0.1414204687
2.8591866493,0.2857166529,-2.4083333015
2.9995262623,-0.0123477243,-0.1165457964
-4.3356137276,5.5352139473,-1.7252585888
-6.0520682335,5.8676199913,-1.9334264994
6.1994667053,-4.2196683884,-1.9915401936
6.0565972328,1.8318501711,-1.3334679604
-4.6627998352,3.1864881516,-0.3834239841
1.4286905527,-4.3063287735,1.9830387831
6.6426405907,6.8870387077,-1.3666710854
3.8730735779,1.6407864094,-2.1499989033
3.8779616356,-6.1155495644,3.1166510582
1.138024807,4.2346043587,2.3162572384
-2.7818777561,7.1744413376,-2.9252595901
-4.6891469955,-5.9193444252,-0.1085828915
-4.2899231911,-5.9385871887,-0.0085825063
5.1963353157,4.7306017876,-0.7419378757
-7.6143016815,-3.6748864651,-1.3752534389
-2.3470344543,6.3047537804,2.9413700104
4.2325015068,6.5672030449,3.0330858231
-5.1843657494,-5.852657795,-0.216916889
-6.7599768639,-1.3531317711,-1.7668099403
-5.5542254448,6.6082811356,-2.3834276199
-6.5868797302,-5.3405733109,-0.591917634
-3.2098846436,2.6004090309,-0.3834239841
1.1999998093,6.18816484348e-05,0.0001191312
-7.7160506248,-1.5784349442,-1.533587575
-6.1021962166,-1.0493103266,1.2580627203
-0.4781909585,5.5226988792,0.1663897932
1.7395225763,5.0891194344,-0.166942209
0.1843969822,-2.1237416267,-2.4083333015
1.0756522417,5.3060193062,-0.3752757907
2.0678937435,-1.8898457289,0.6330320239
0.6955244541,6.884750843,0.5248534083
6.2998657227,-3.9372639656,-1.8415404558
1.6988486052,7.1086468697,3.0664207935
1.9796833992,-5.4329543114,0.0747542009
4.1805381775,7.2143945694,-0.0333424658
-3.2098846436,2.6004090309,-0.3834239841
3.4809293747,7.2377262115,-0.0333427787
-4.8931932449,-5.4483613968,-2.9666657448
-7.5665135384,-3.8690080643,-1.2752529383
5.6834306717,2.3349738121,-1.7586007118
6.5422940254,-2.5278024673,1.566419363
-6.8216047287,-5.1541962624,-0.7419174314
-6.3395614624,4.3544230461,0.5913896561
6.1717982292,3.2590968609,1.6414200068
1.4031360149,-2.7488617897,1.1830339432
6.0938119888,-3.8873195648,-1.8334634304
-3.2098846436,2.6004090309,-0.3834239841
2.1129455566,-1.1617413759,1.5662578344
0.1528020799,6.4456501007,0.7498539686
-0.4958248734,-5.7814993858,0.1414206475
-3.2717103958,2.625348568,-0.3834239841
-4.0136194229,2.9246230125,-0.3834239841
-1.75933218,4.287979126,0.9831882715
6.6560950279,6.2400336266,-1.7166690826
3.5796158314,-6.0868878365,2.9666516781
-0.3865631819,-0.8287136555,0.1498472095
-7.4009895325,-3.9410448074,1.8415201902
-3.698029995,-1.6909607649,2.4249863625
1.7722439766,-2.158285141,0.833032608
-5.7984848022,6.5322012901,-2.6084799767
-3.9996447563,-1.4282301664,2.4249863625
6.2776274681,1.7628320456,1.6414200068
-0.5196520686,-4.2580952644,2.6916532516
1.1540734768,7.0807986259,0.2748533785
5.283343792,-0.5562005639,-0.6334850192
0.4025207162,7.2062792778,3.0664219856
1.1955070496,-0.5898525715,0.1498472095
-4.3663811684,5.3375973701,-1.7252584696
6.1788535118,3.1593458652,1.6414200068
-3.2543411255,-4.5663394928,0.51652807
-2.3911223412,-5.9076952934,0.0580857247
1.689902544,-0.5152084827,0.1498472095
-2.0986542702,3.3583164215,1.4665247202
-7.7097535133,5.4596214294,1.2249850035
-0.2535611987,6.1478438377,3.0747010708
-0.8527510762,-5.0602049828,2.7997224331
5.8346114159,0.0469059981,-1.4669338465
4.7849702835,6.3772535324,-0.8334779143
-6.9480323792,3.7015883923,1.0413899422
-7.779279232,0.1203875989,-1.533587575
-6.2748365402,-1.9203885794,0.4415141642
2.5798187256,-0.3808505535,0.1498472095
-4.6473865509,6.8150520325,-3.0918140411
1.0440766811,6.0808048248,-3.1168186665
-1.8697519302,-1.0526459217,0.1498472095
6.4739546776,-0.9300236106,-1.5084652901
-0.1537848264,6.1411604881,3.0747010708
6.3527345657,-3.1443445683,-1.4415408373
-4.04804039,6.8419895172,3.1413707733
5.3690476418,5.1351881027,-1.4668074846
2.2374575138,-6.2180595398,2.7830557823
0.4708686471,-4.7364897728,2.6916532516
2.7544844151,-5.4330091476,2.8830394745
0.0064443722,6.3093452454,0.7498539686
5.3645596504,-1.4408855438,-0.808210969
-7.17116642,-3.3881123066,1.5247290134
6.6801571846,7.1354179382,-0.2166741341
1.8384468555,5.0745615959,-0.1169420108
6.6511383057,6.837767601,-1.4166702032
4.2086167336,-6.3583421707,-2.866797924
-1.1311165094,-3.9203383923,2.4916529655
2.8855743408,-1.5323170424,0.1830318421
4.0871639252,-0.4800536633,-0.6248784661
-5.4730000496,-5.7711410522,-0.291917026
-0.1035734341,-5.340798378,2.7830557823
1.2058560848,4.1611275673,2.3162572384
3.5204308033,7.3112998009,-0.2751449347
-0.979839921,-0.918286562,0.1498472095
0.6455557346,-5.6215219498,2.7830557823
-1.4821455479,4.7041149139,0.9831882715
5.2511301041,6.189496994,2.5164186954
0.2709910572,-5.4811601639,2.7830557823
6.2569899559,7.2287101746,-0.4666732252
4.9962940216,6.347263813,2.6664185524
5.861143589,-2.0676295757,-0.9165446162
-4.9358606339,3.9812428951,-2.3335881233
2.5203309059,-2.3722691536,2.2162597179
0.6666669846,-1.50856294567e-06,0.0001173341
-0.5894711614,6.1480922699,2.0579235554
-0.5950930119,7.2705593109,-3.1084291935
-2.2347400188,-2.8400297165,1.549857378
-0.6328997016,-2.8599643707,-2.4083333015
-0.2280194461,5.5516543388,2.2745912075
6.0158925056,5.0508956909,1.8164192438
6.2982168198,0.7592170835,-1.4167990685
1.3044352531,-3.926817894,1.7830373049
2.5795199871,-5.4268608093,-0.000245227
-2.0687577724,3.5559852123,1.3665243387
0.1106793061,-4.5625281334,2.6916532516
-1.3158335686,4.9537963867,0.9831882715
3.7158145905,-6.4348187447,-3.1167974472
-1.9497563839,6.2614607811,3.0747027397
6.4116778374,-0.1324331164,1.6414200068
-6.6161775589,-2.1276435852,0.6415141225
-5.1577658653,3.7797725201,-2.4835889339
3.7101376057,7.2482275963,-0.3751448393
6.0539345741,4.8546319008,1.7164194584
4.4687166214,-3.1305925846,-2.9669280052
-5.1983246803,-5.4717211723,3.1247279644
-7.7197699547,-1.4785044193,-1.533587575
-3.0879526138,-4.8989648819,-2.6833336353
-7.8739671707,4.1746139526,1.4999850988
-6.3269381523,-5.489780426,-0.4419174194
-4.1960577965,6.0139889717,-1.975258708
-4.7188167572,4.8105130196,0.1663897932
2.6795198917,-5.4268865585,-0.0002451272
6.3902444839,0.16631791,-1.4167990685
0.6666669846,-1.50856294567e-06,0.0001178333
-6.0903663635,-1.8433331251,0.3415137231
0.3602870107,5.0106444359,2.424590826
6.4169578552,-4.1135616302,1.2247549295
-1.2093341351,7.0251793861,-0.0250122417
-5.664539814,-5.7135829926,-0.291917026
-5.4934530258,6.885155201,0.1833172739
6.0330853462,1.9290469885,-1.3334679604
5.6772389412,-5.2204346657,-2.075129509
6.1887907982,-4.5570039749,0.9747561216
-4.1990995407,2.9994416237,-0.3834239841
3.1402206421,6.0617294312,3.0080308914
1.9768471718,2.9977574348,2.0245900154
0.1341531873,5.2077803612,2.424590826
5.7312641144,2.8857090473,1.7496960163
-2.4630298615,-1.1422188282,0.1498472095
-7.1130747795,2.0605792999,1.8913940191
-6.1739110947,-1.235921979,1.1580629349
1.7254235744,3.429703474,2.1162569523
-6.7696371078,-2.2557723522,0.7415149808
-6.9352517128,-2.2358965874,-1.7584764957
4.6671772003,-6.1623215675,-2.6167972088
2.4133906364,-0.1158603132,-2.4083333015
-7.8456659317,4.5736122131,1.4999850988
5.4903488159,3.6463778019,1.9413621426
6.3622908592,0.5658217072,1.6414200068
-2.2137973309,-1.840246439,1.549857378
0.0036504269,7.2363200188,3.066422224
-7.0080890656,4.3236379623,-1.8501449823
4.3307704926,-5.7062783241,2.9747028351
3.6674003601,-0.2097446471,-0.4665451646
6.2229628563,-4.9405765533,-1.9668157101
5.7229833603,-5.1315217018,-2.0251300335
6.4792528152,7.1377334595,-0.0333414376
1.6414833069,-5.3018651009,2.6916532516
-3.1215922832,-5.1700239182,-2.9834592342
-7.3622293472,-3.278591156,1.3415178061
6.4046225548,-0.032682389,1.6414200068
-3.3598761559,-5.0256662369,-2.7083337307
2.8205070496,-6.3510556221,3.0247216225
-4.9160556793,4.7773880959,0.1663897932
0.0796232149,6.377497673,0.7498539686
-0.4951039553,7.2709593773,3.1247560978
-1.5930202007,4.5376605988,0.9831882715
-2.9087975025,7.0676884651,-0.0250137616
5.8751306534,0.5067665577,1.3496958017
5.8846650124,-4.7286939621,-2.1998729706
6.2637195587,-2.4650497437,-1.375148654
1.643891573,6.0956707001,-3.1168193817
5.273059845,4.2056508064,1.9413621426
6.6727457047,6.6390213966,-1.5166691542
0.5110428929,4.8792204857,2.424590826
-6.5656032562,6.6475081444,0.3749834597
-3.7484674454,-1.3362934589,0.1498472095
2.1154823303,-1.0617835522,1.5245915651
0.7011104822,-0.6644966602,0.1498472095
-7.2039527893,2.2455146313,-1.5834774971
6.5418562889,-2.6278009415,1.566419363
-4.504119873,-5.3904829025,-2.9834578037
-6.0037031174,-0.3598754406,1.6080620289
5.3557639122,-5.7618489265,-2.3665344715
6.3162708282,-2.947781086,-1.341542244
-5.495642662,3.5669174194,-2.6835896969
4.7488636971,2.9798336029,-2.1499989033
2.1438162327,-6.1829690933,2.7830557823
-7.0816054344,6.345761776,0.6749837399
-5.5077724457,4.6780133247,0.1663896888
-5.0553164482,-0.5086703897,2.4249863625
1.6838237047,7.1966753006,0.0749898106
3.7636022568,1.4734065533,-2.1499989033
6.5414185524,-2.7277994156,1.566419363
-5.7362136841,3.8877975941,-0.8834241629
-1.4643784761,5.3570742607,0.1663897932
1.2589144707,-3.4301991463,1.5330356359
1.7071735859,-2.2342047691,0.8830324411
-6.1424994469,-5.5669102669,-0.3419174254
0.6666669846,-1.50856294567e-06,0.0001181328
-2.1488749981,1.2590703964,1.549857378
-6.9805173874,4.4197626114,-1.8501449823
-7.8421640396,3.180822134,1.816652894
-4.4406261444,-1.4407951832,0.1498472095
5.3557639122,-5.7618489265,-2.466534853
4.1257214546,5.2317109108,-0.1419389397
6.4104785919,-2.525503397,-1.7084647417
-5.2381358147,3.7202858925,-2.5335888863
-4.5902786255,7.1088972092,-2.9334273338
-3.714107275,-5.26450634,-2.9834582806
-6.8573517799,-1.8435575962,-1.7668099403
5.2617874146,5.6222338676,-1.2334762812
6.4848351479,7.1784133911,-0.2166737169
-2.2075145245,-1.5403132439,1.549857378
4.069665432,-1.3746573925,0.3496992588
4.5299153328,2.6450710297,-2.1499989033
1.0759936571,-1.3205895424,-2.4083333015
4.0263662338,5.2429633141,-0.0919391364
-1.4390562773,-4.9437727928,3.0997231007
-5.6210618019,6.6243314743,-2.7084801197
-3.2098846436,2.6004090309,-0.3834239841
2.6912543774,-1.5792937279,0.283031702
-3.1783556938,-4.9417009354,-2.7083337307
5.7931380272,0.4447505474,-1.4669338465
-6.8750071526,1.3222975731,2.0833206177
-3.7234842777,-5.1923294067,-2.7500004768
-6.0872030258,-4.3609514236,-0.7168067098
-6.6735124588,5.475982666,-1.90847826
6.0770082474,-1.7905533314,-1.2918155193
-3.2098846436,2.6004090309,-0.3834239841
-2.085924387,7.2003202438,3.0079247952
-7.9043502808,3.675630331,1.5666520596
-3.4518280029,-1.2915070057,0.1498472095
0.4488374293,6.7145228386,0.6748535633
-1.4501985312,-3.5961871147,-2.4083333015
2.2718153,-5.6062979698,2.6916532516
-7.7420859337,-0.8789208531,-1.533587575
-3.2098846436,2.6004090309,-0.3834239841
5.4867424965,-0.2967144847,0.8996983767
2.7277517319,7.3676581383,0.1248541698
-0.429604739,-4.3015856743,2.6916532516
6.0033864975,-5.2272233963,-2.4168157578
-4.0566897392,6.2793354988,-2.1252593994
-6.9202628136,-4.4449276924,2.0747313499
-7.4144244194,2.2809591293,2.0833206177
-5.9239187241,6.1385617256,-2.0834274292
5.6571922302,3.9775724411,-1.2084730864
1.1012005806,-5.0409226418,2.6916532516
-1.0517721176,6.2013106346,3.074701786
0.6666669846,-1.50856294567e-06,0.0001158365
6.0494709015,-1.694419384,-1.2918155193
1.08551085,7.151717186,0.0749898106
1.6459790468,-2.3132817745,0.9330328107
5.771487236,3.8091850281,-1.2919350863
0.2259809673,6.5138025284,0.7498539686
-3.6153547764,-5.2487592697,-2.9834582806
-6.7759370804,-0.0719479173,-1.2501425743
6.0625538826,4.9884090424,-2.1499989033
6.4892859459,-1.2296910286,1.6414200068
-2.5907845497,-5.9193053246,0.0580855459
4.8522014618,6.3032274246,-0.8334779143
2.998003006,-5.9408512115,2.8083193302
-1.889523387,7.1629886627,2.9079244137
6.1045084,-1.3461523056,-1.6669284105
5.4532556534,-5.3406896591,-1.9082028866
2.2032456398,0.8361893892,1.5245915651
-4.6383857727,-1.4706528187,0.1498472095
-4.9032688141,6.9931688309,0.1416508406
6.5436491966,-2.0278141499,1.599752903
2.1524353027,-0.2626368999,1.5245915651
-5.3569369316,-0.2459383756,2.4249863625
5.7341313362,4.4862651825,-2.1499989033
-0.502553463,5.9679875374,2.0245909691
3.081152916,7.2510585785,-0.0333429947
6.092839241,-1.4454591274,-1.7169289589
-6.0003566742,4.3107976913,-1.133425355
-6.8259692192,1.2351465225,2.0833206177
6.3647723198,7.1502609253,-0.6666728854
4.7789101601,5.1810855865,2.2746953964
-2.6278297901,-5.0912885666,-2.9834601879
4.2321596146,-5.6896672249,2.9747030735
5.9199986458,0.8031086326,1.4996951818
4.0647902489,-0.1734844893,0.0165141318
5.515182972,4.1515026093,-2.1499989033
3.577239275,-3.0894062519,2.8662586212
1.1005443335,7.1537079811,3.0664212704
1.6441956758,7.1783690453,0.174854055
-7.901848793,3.5756716728,1.6166512966
-5.4544596672,3.6048069,-0.6834238172
-7.8053126335,5.0718884468,1.424985528
4.6426782608,5.327398777,2.3746960163
-7.4009895325,-3.9410448074,2.3415215015
-7.3298568726,-4.4195456505,-1.1252523661
3.2099783421,0.6408722401,-2.2416665554
2.282138586,7.2416334152,0.0749898106
-1.6719937325,-1.0227882862,0.1498472095
-7.4009895325,-3.9410448074,2.2915215492
-4.4520754814,-1.0341342688,2.4249863625
-7.193813324,3.0454452038,-1.5834774971
-2.1551578045,0.9591370225,1.549857378
6.167974472,-5.0620155334,-2.2168159485
5.704003334,0.0383465961,1.099697113
4.9130749702,3.2309055328,-2.1499989033
0.96487993,7.0162029266,0.3748535216
-2.0495326519,6.2681441307,3.0747027397
5.7642269135,-5.0404348373,-1.975129962
-2.9099826813,6.506269455,2.6830368042
0.926479578,-5.7267932892,2.7830557823
1.2854132652,-3.8286542892,1.7330366373
6.4398989677,-0.5314357877,1.6414200068
0.6087265611,5.484588623,-0.3086091578
-2.0464391708,3.6534526348,1.3165235519
5.1644153595,4.4852871895,1.9413621426
-7.7383666039,-0.9788517356,-1.533587575
6.5409808159,-2.8277978897,1.566419363
-2.1823832989,-0.3405780792,1.549857378
-7.2077550888,1.9455401897,-1.5834774971
-1.5390241146,-4.9416694641,-3.1334621906
-6.9616661072,1.6904658079,1.9747277498
-5.2053256035,-4.8099942207,-0.2168068737
-7.5125002861,2.4552612305,2.0833206177
1.8291857243,3.2587258816,2.1162569523
-2.1195552349,2.6587634087,1.549857378
5.2010626793,-0.4993861914,-0.5834851265
-0.0818817019,5.5744872093,0.0413900465
6.0974302292,-0.9137226939,-1.2169308662
6.3442306519,0.4627675414,-1.4167990685
-3.1936686039,7.1843452454,-3.1084280014
5.4221277237,-5.435710907,-1.858202219
2.9502182007,-5.4737229347,2.9747056961
0.0180870462,5.5765423775,-0.0086098481
-5.0289912224,-1.555152297,0.2581805587
4.1118335724,-6.3834633827,-2.9167978764
-6.1840052605,5.0839676857,-1.5334274769
-7.7830796242,2.9898352623,1.9166527987
2.2831792831,-0.4256364703,0.1498472095
2.1893882751,0.5365093946,1.5245915651
4.5285758972,6.520298481,2.9164187908
5.3509716988,3.9004306793,-2.1499989033
1.3852068186,-5.5136704445,0.1414207369
-6.7019610405,-1.0587979555,-1.7501431704
5.1799793243,7.181063652,-0.0333420187
4.4803705215,7.2043952942,-0.0333423316
-1.1685222387,5.4067616463,0.1663897932
-4.9873671532,-5.8866939545,-0.1169165298
5.1251173019,-5.6832809448,-2.9168167114
-6.9667105675,-4.3563804626,2.0247321129
-7.0086750984,-4.2656230927,1.9747319221
5.2070512772,-2.8366923332,-2.5669276714
-3.0948066711,-2.216417551,2.4249863625
-1.0497817993,-3.9784989357,2.5416531563
-4.7016220093,-5.4219770432,-2.9834578037
6.1128964424,-1.1464109421,-1.5669282675
0.6666669846,-1.50856294567e-06,0.0001174339
5.464682579,-5.3093767166,-1.9582035542
5.1651916504,-5.8281540871,-2.4751298428
-0.7740472555,5.4730114937,0.1663897932
-6.1848258972,5.1839542389,-1.5834271908
1.4842082262,-5.4995741844,0.1414207369
5.9627161026,2.52333951,-1.5334699154
3.48153615,-6.0674376488,2.9166517258
4.7789430618,-5.4128584862,0.1247569546
-2.6605939865,-4.6399197578,-2.5750005245
3.0191421509,-6.3743786812,3.0247216225
1.3547736406,5.1960616112,-0.3669424355
-4.5520877838,4.56239748,-1.9835883379
-4.6028857231,-0.9027684331,2.4249863625
-2.3519496918,5.208012104,0.1663897932
1.7438607216,6.0981483459,-3.1168193817
-2.0942676067,7.2208204269,-3.1084284782
-3.8166801929,-5.2285580635,-2.8000006676
3.8183379173,1.5570964813,-2.1499989033
6.4677262306,-0.8302178979,-1.5084652901
1.1852296591,7.1592102051,0.0749898106
5.1206874847,4.7959885597,-0.6919382811
5.0225491524,3.3982868195,-2.1499989033
-1.5092394352,7.0326809883,-0.0250125099
-4.3927268982,7.1395626068,-3.0334274769
-3.3627812862,6.7177257538,2.791369915
1.9829801321,7.2191543579,0.0749898106
-7.3970584869,-3.475451231,1.4415194988
3.2952985764,-2.9877130985,2.7162585258
-2.1300265789,2.1588711739,1.549857378
0.5126152635,5.5121684074,-0.2586091161
-5.6757001877,3.4798576832,-2.6919229031
-4.5896930695,-5.9297671318,-0.0835827813
5.9543180466,-0.5403510928,-1.2669315338
-2.1572520733,0.8591589332,1.549857378
-0.2614012063,-2.5253176689,-2.4083333015
-5.5291194916,6.6636328697,-2.758480072
-0.161118865,5.4773421288,2.3245911598
-5.2815318108,-0.3116213679,2.4249863625
5.8983426094,4.7373371124,-2.1499989033
5.9584465027,5.2423801422,1.9164195061
-6.2234063148,-4.9228744507,2.4498546124
-4.1270999908,4.9098877907,0.1663897932
-5.4353280067,6.6982893944,-2.8084800243
-6.186393261,0.4765741527,2.4249863625
-2.924087286,-5.1385297775,-2.9834597111
5.5472760201,-0.217130214,0.9496979713
-4.6876583099,7.0861997604,-2.8834271431
-7.3163485527,2.1066570282,2.0833206177
-7.0178279877,2.3365120888,-2.1752569675
-1.1698045731,6.8260617256,2.5079240799
5.0037603378,-0.8018938303,0.6830319762
5.6467547417,1.9373266697,-1.5586009026
-4.4992990494,-5.3787469864,-2.96666646
0.2067132592,-0.739140749,0.1498472095
-2.0861773491,3.457524538,1.4165245295
-5.1256766319,-1.5806847811,0.2581805587
6.3010320663,-2.762437582,-1.5168156624
6.3441991806,-3.5612695217,-1.51681602
5.8846716881,-0.2487046123,-1.3669325113
2.2049429417,-5.1978187561,2.5830392838
-2.8202528954,6.4621286392,2.6913700104
6.3506479263,-2.9209172726,-1.7834641933
-5.4796490669,6.6748871803,-2.4334278107
3.1795194149,-5.4270153046,-0.0002446277
-6.1125397682,0.2278868705,1.9080613852
-4.0899319649,-5.9403038025,-0.0085823499
-0.7253444195,5.6278209686,0.7498539686
-1.5127612352,7.0306310654,2.707924366
4.3109669685,2.3103084564,-2.1499989033
-5.0907378197,-5.479326725,-3.0333321095
-7.7458052635,-0.7789899707,-1.533587575
3.3708572388,-0.261421442,0.1498472095
6.2352957726,2.3613379002,1.6414200068
-3.7933418751,7.1644496918,-3.108427763
-7.692838192,1.0152630806,-1.725253582
3.1810970306,7.2477254868,-0.0333429128
2.1437382698,6.1080589294,-3.1168198586
-7.1426010132,2.1561100483,1.8413939476
4.7529492378,-0.2805314064,-0.3334851265
-7.1432261467,-2.7224006653,1.0415165424
6.1855788231,-2.5704386234,-1.141544342
-3.924241066,-1.493912816,2.4249863625
-7.1146907806,-2.9927909374,1.3247284889
0.7965300679,5.4159770012,-0.3752757907
0.188040942,7.084280014,0.074989222
5.1686010361,-5.3254814148,0.3247572184
-3.2087028027,7.0751900673,-0.0250140298
0.6666669846,-1.50856294567e-06,0.0001157366
-2.8450469971,5.1251997948,0.1663897932
-6.9518566132,-2.3344979286,-1.7084761858
-5.8560795784,-5.6560249329,-0.291917026
5.8041687012,2.8201060295,-1.7919340134
-3.3190972805,-5.2015180588,-2.9834589958
1.7426706553,7.1957640648,0.174854055
6.3603868484,-3.8608314991,-1.51681602
3.6795189381,-5.4271440506,-0.0002441283
-6.755232811,-4.695122242,2.2247297764
-6.968562603,-2.7334833145,-1.5084775686
5.9207849503,-2.0179166794,-2.016926527
0.6666669846,-1.50856294567e-06,0.0001163357
4.2541470528,-1.2976294756,0.4496991932
-7.4995846748,-4.0573887825,-1.1752524376
-6.7465033531,-5.2202100754,-0.6919173598
-3.308671236,7.0776906013,-0.0250141211
2.1228630543,-1.3614125252,1.6662573814
4.3304767609,-0.6555537581,-0.6248784661
-7.2137112617,1.2456116676,-1.5251446962
-3.9084947109,7.091861248,-1.46591355588e-05
4.6739587784,-6.0636491776,-2.9165351391
1.998000741,7.0861163139,3.0664205551
6.4552693367,-0.6306064725,-1.5084652901
-6.0095090866,-0.2600543201,1.6580619812
0.6666669846,-1.50856294567e-06,0.0001176336
-2.6836345196,7.1930475235,-2.9752597809
-3.6495876312,-1.3213646412,0.1498472095
-3.8792333603,6.5208745003,-2.2752597332
-7.1362090111,-3.0904381275,1.3747285604
-4.2075333595,7.0702295303,0.1083182767
4.5692486763,5.3952670097,2.424696207
4.5666365623,-3.1103525162,-2.9169280529
5.0800352097,7.1843967438,-0.0333420634
6.5824961662,7.1569156647,-0.2166739404
3.6404943466,-5.5900006294,2.9747042656
3.183409214,-1.4987592697,0.0330320895
5.5117454529,-0.7502732873,-0.7834848166
5.572716713,-5.3908514977,-2.1751289368
5.823246479,2.9182591438,-1.7419337034
6.6426405907,6.8870387077,-0.9666721821
-7.2128248215,1.5455720425,-1.5834774971
-6.08340168,6.7757725716,0.1833172739
6.3411250114,0.8650736213,1.6414200068
-4.9045062065,-0.6400364041,2.4249863625
-3.0893201828,6.5948009491,2.6830368042
2.0404415131,-5.0842142105,2.4830393791
4.9386563301,-0.3545582891,-0.4334854484
-4.2918395996,3.0368509293,-0.3834239841
2.1824190617,7.2341403961,0.0749898106
-2.1174609661,2.7587418556,1.549857378
4.4751782417,2.5613803864,-2.1499989033
2.2455494404,1.8352214098,1.5912581682
-7.1925458908,3.1454365253,-1.5834774971
-7.7086119652,-1.7782959938,-1.533587575
5.5206570625,4.3517656326,-0.9919369221
-7.2673106194,2.0195059776,2.0833206177
-5.0326199532,3.3388104439,-0.4334239066
6.3871741295,7.1999111176,-0.216673404
-6.3293728828,6.0814480782,-2.2584803104
5.922618866,5.3357315063,1.9664193392
-4.1091156006,-5.3274946213,-2.9834578037
1.7985659838,7.1011366844,3.0664205551
6.41873312,-0.2321838439,1.6414200068
3.6541309357,1.3060266972,-2.1499989033
-6.9360837936,0.2941892147,-1.116809845
6.5387921333,-3.3277902603,1.566419363
2.6436069012,6.1175303459,3.1163649559
-6.7825145721,-2.2694411278,1.0247294903
-4.1075501442,6.1932473183,-2.0752594471
-4.350997448,5.4364056587,-1.7252584696
-1.4267082214,4.7873420715,0.9831882715
5.3626818657,-0.617056191,-0.6834847927
-7.7800831795,0.2203742564,-1.5835870504
-7.1911740303,-2.8101446629,1.09151721
-4.2038784027,-5.3265361786,-2.9666669369
0.786354363,7.1292381287,0.0749897659
-4.9916906357,-5.4656281471,-2.9833321571
5.7655010223,-5.4095487595,-2.56681633
-7.6639800072,-2.9774692059,-1.533587575
-6.5027523041,5.8369665146,-2.1084804535
6.2846827507,1.6630810499,1.6414200068
-7.4275660515,5.9865760803,0.9249843955
-2.5619096756,-1.157147646,0.1498472095
-6.4718184471,6.6821846962,0.3249836266
-6.1686649323,4.4581594467,0.4913899004
-6.6719856262,-0.7605810761,-1.6001427174
6.5440449715,-2.1278085709,1.566419363
4.0805940628,7.2177276611,-0.0333425105
6.3635544777,-3.2437474728,-1.4915409088
-1.7038948536,4.3712062836,0.9831882715
4.6634225845,-3.0852434635,-2.8669281006
-5.9750952721,-5.3039650917,2.7247285843
-2.1216495037,2.5587849617,1.549857378
-2.746427536,5.1417622566,0.1663897932
5.9380121231,-4.4667434692,-1.8334634304
6.3549909592,-3.7609775066,-1.51681602
5.0285038948,-0.3984388709,-0.4834854007
-6.9253740311,4.6120119095,-1.8501449823
-5.172999382,-5.469789505,2.9498538971
2.1616735458,-0.0628503859,1.5245915651
0.8000001907,1.43123661474e-05,0.0001187318
1.5697803497,3.6861698627,2.1162569523
0.9273939133,-1.4544482231,-2.4083333015
6.3390688896,-4.2976818085,1.1247550249
-2.7160508633,-4.1244525909,0.8665267825
-7.1753892899,3.6448814869,-1.6834772825
-1.9873392582,3.8444347382,1.2165225744
6.1172909737,5.0720996857,-2.1499989033
-6.9701924324,-2.5335729122,-1.608476758
6.2917380333,1.5633300543,1.6414200068
3.1269185543,7.3792448044,-0.075145483
-4.2478847504,6.8349533081,-3.0918142796
-7.6602606773,-3.0774004459,-1.533587575
-5.6744766235,-4.6408782005,-0.4668067694
6.0283193588,-1.7381522655,-1.8669288158
5.4023885727,4.5129470825,-0.8919373751
-0.2130922079,6.1048879623,0.7498539686
5.1867604256,3.6493587494,-2.1499989033
-7.0909528732,-2.6371629238,0.9915162921
-6.1463932991,-4.9866609573,2.4498546124
-2.2096087933,-1.6402909756,1.549857378
1.3487707376,7.1261839867,0.1748535633
1.8189941645,-0.6512960792,-2.4083333015
1.5514361858,-5.258374691,2.6916532516
2.0854196548,-0.4554937482,0.1498472095
-3.0194029808,-2.2821009159,2.4249863625
-6.1475858688,0.3215338588,1.9580615759
1.4994138479,7.1236672401,3.0664207935
6.6426405907,6.8870387077,-0.9166727066
6.4054450989,0.067480579,-1.4334651232
0.2586966753,-2.0568122864,-2.4083333015
1.8932942152,-0.5843667388,-2.4083333015
5.7796440125,7.1610651016,-0.0333417505
3.117164135,-2.8969652653,2.6162588596
-2.2033259869,-1.3403577805,1.549857378
-2.4161734581,-2.8075678349,2.4249863625
0.6666669846,-1.50856294567e-06,0.0001175338
5.5331330299,-5.1624326706,0.5247572064
-0.5789866447,5.764125824,0.7498539686
6.243185997,-4.4731049538,1.0247559547
-6.8933134079,-5.0845122337,-0.7919175029
3.5830426216,-1.4837480783,0.0996991098
6.4303555489,-0.2313831598,-1.5084652901
-7.2140922546,1.4455800056,-1.5834774971
3.2698283195,0.7209718823,-2.1916661263
-4.2099537849,-4.8259248734,0.0665276721
-7.0641169548,0.5654331446,-1.1751437187
-5.8950624466,4.5805253983,0.3413895965
6.5246601105,5.7589640617,-1.9666650295
-5.4920134544,-4.722574234,-0.366807133
1.670394063,-0.7851547599,-2.4083333015
0.6666669846,-1.50856294567e-06,0.0001166352
-3.5353832245,5.0092625618,0.1663897932
0.0587752499,5.2734923363,2.424590826
4.5760474205,-6.0839276314,-2.966534853
2.4795200825,-5.4268350601,-0.0002453269
-3.7417042255,6.6659698486,-2.3752598763
-1.6730986834,-3.7969751358,-2.4083333015
1.641449213,5.1086030006,-0.2169422954
4.6802587509,7.1977291107,-0.0333422422
6.3129038811,1.2640770674,1.6414200068
5.6668124199,2.2363743782,-1.7086009979
5.8503675461,0.4098917246,1.2996964455
-6.6916880608,1.1560662985,2.1663939953
0.9000000954,2.61897112068e-05,0.0001188317
-6.0360393524,-0.0619052239,1.7580621243
-2.1111781597,3.0586771965,1.549857378
5.6796998978,7.1643981934,-0.0333417952
-5.2223620415,-1.6062172651,0.2581805587
4.4300179482,-1.2025687695,0.5496990085
-4.4476356506,6.8250026703,-3.0918142796
-4.306948185,7.0594177246,0.1083181128
2.099998951,0.0001694966,0.0001200298
5.7864818573,0.2204570174,1.1996964216
-0.456117779,5.8794345856,2.0745916367
6.0396761894,-2.3086290359,-0.9915446639
0.2007266879,-4.6060185432,2.6916532516
-3.2098846436,2.6004090309,-0.3834239841
-2.2941586971,7.2141885757,-3.1084284782
-1.738650322,-4.9524521828,-3.0334620476
4.8754992485,4.9683670998,-0.5419383645
-3.3644490242,2.6627578735,-0.3834239841
-2.3850524426,7.2191405296,-3.1252601147
-3.7492644787,6.8182206154,2.9913704395
1.2756069899,-3.2309801579,1.4330351353
4.8425579071,-0.9201792479,0.6080322862
-2.134067297,-5.012553215,-2.98346138
4.7802028656,7.194396019,-0.0333421975
2.1781585217,2.3296170235,1.7829242945
6.4365839958,-0.3311890364,-1.5084652901
5.3557639122,-5.7618489265,-2.4165346622
4.1596713066,5.6806426048,2.5913636684
5.6344280243,3.2732348442,1.9163620472
-2.3993244171,-3.6175069809,1.1665253639
-0.6950381994,7.2672433853,-3.1084291935
6.3793087006,7.1410665512,-0.0333414823
-4.0105671883,-4.8105511665,0.1165278926
5.7341685295,5.6878051758,2.166418314
-1.0786982775,-3.2615404129,-2.4083333015
1.3283398151,-4.0239086151,1.8330380917
5.4316740036,4.6393847466,-1.3584729433
6.1741566658,1.3458660841,-1.3334679604
3.2810411453,7.244392395,-0.0333428681
6.5866107941,6.9487156868,-0.8166729212
-3.8122828007,6.5951414108,-2.3252599239
1.0111534595,-4.9974322319,2.6916532516
-2.5290772915,-5.0755414963,-2.9834604263
-4.6028709412,-5.4062299728,-2.9834578037
0.7000002861,2.445e-06,0.000118632
-6.1516370773,4.7860002518,-1.3834266663
-1.7929674387,7.1370091438,2.8579242229
5.3775434494,-5.6134734154,-1.70820117
4.4795250893,-5.4273500443,-0.0002433292
-3.4267642498,6.9114918709,-2.5752592087
-2.2850708961,7.2178573608,3.1079251766
6.4328436852,-0.4316851497,1.6414200068
6.4963412285,-1.3294420242,1.6414200068
5.6793942451,4.4025745392,-2.1499989033
5.0853281021,-5.888317585,-2.5251300335
-6.1246809959,3.2599174976,-2.6335897446
6.3270144463,1.0645750761,1.6414200068
-5.4072856903,3.6137256622,-2.6335892677
1.1912477016,-5.0844130516,2.6916532516
-2.2652702332,-1.1123611927,0.1498472095
-3.7354035378,2.8123950958,-0.3834239841
-1.450876236,6.2280440331,3.0747022629
-4.509288311,-4.8458719254,0.0665274039
-7.6424708366,-3.4769639969,-1.4752545357
0.7410110235,-4.8669610023,2.6916532516
1.9675942659,-0.5174373984,-2.4083333015
-6.928771019,-3.0305500031,-1.3584755659
-0.3502699435,5.7098379135,2.1745915413
6.7452940941,7.1212220192,-0.1916743666
-1.0933179855,-5.8322300911,0.0580869243
-7.2119646072,2.8490819931,1.4913927317
3.3257169724,0.8038871288,-2.1499989033
-2.1384036541,1.7589590549,1.549857378
2.6583719254,-5.4054346085,2.8330395222
4.0779595375,-6.1159543991,-3.1415343285
-1.5375828743,4.6208877563,0.9831882715
-7.1950058937,-4.6874170303,-1.0419185162
-5.2119140625,4.7277007103,0.1663897932
5.0911579132,5.9832777977,-1.0334770679
4.2562298775,2.2266178131,-2.1499989033
5.7620329857,0.7431335449,-1.4669338465
4.6505079269,6.525305748,-0.8334779143
4.2704563141,-3.1562771797,-3.0669276714
-7.667699337,-2.8775379658,-1.533587575
0.6666669846,-1.50856294567e-06,0.0001149379
0.3055926859,-0.7242119312,0.1498472095
-1.5945427418,7.2374000549,-3.1084287167
1.286205411,-5.5277667046,0.1414207369
-6.5115408897,0.9162248969,2.2247271538
4.1779608727,-6.1159486771,-3.1415345669
-6.9959917068,3.6138501167,1.0913902521
-5.2968034744,6.9216160774,0.1833172739
-4.0079174042,-5.2868280411,-2.9000005722
3.7557477951,-0.2565710545,-0.5165451765
4.4126806259,5.5195798874,2.5246965885
1.5185898542,-4.4848923683,2.0830397606
-1.2764773369,-0.9630730152,0.1498472095
-0.7590616345,-5.0951652527,2.7830557823
2.2171030045,1.1358693838,1.5245915651
-7.1127734184,3.3378176689,1.2413909435
-1.5987986326,-3.7300457954,-2.4083333015
6.2267651558,5.2394809723,-2.1499989033
5.0043034554,4.8514404297,2.0746946335
-5.9882655144,4.544315815,0.3913896382
5.5810985565,-0.822301805,-0.8334844708
1.1872040033,-5.5418629646,0.1414207369
4.2285895348,6.9507074356,-0.6751444936
-2.974963665,7.122628212,-2.8252594471
6.4889807701,-1.5292114019,-1.6251324415
6.7452940941,7.1212220192,-0.1416745633
6.3237862587,-3.840177536,-1.7915406227
0.6666669846,-1.50856294567e-06,0.0001160361
-4.3173561096,5.6335220337,-1.7752586603
4.8289422989,-5.729238987,-3.06681633
4.1487464905,7.0108995438,-0.6251446009
0.0837088302,-5.4109792709,2.7830557823
-5.8001661301,4.6120314598,0.2913895845
-7.0746593475,2.2542304993,-2.1752569675
-4.8057560921,4.1330313683,-2.2335884571
5.8470478058,-0.0523075126,-1.4169336557
-0.794983387,7.2639274597,-3.1084291935
2.0180442333,2.9066476822,1.9745904207
-2.7904467583,-5.9309153557,0.0580853634
0.6666669846,-1.50856294567e-06,0.0001159363
-3.3935596943,7.1777133942,-3.1084280014
-2.0560913086,5.2576994896,0.1663897932
-3.5903773308,6.7966108322,-2.4752595425
5.3853845596,-5.6248130798,-2.3251290321
5.9589853287,2.6232693195,-1.5334699154
-1.9943220615,7.2241363525,-3.1084284782
-4.0750498772,-1.3625475168,2.4249863625
-4.4307899475,4.942864418,-1.7835919857
-2.1740062237,0.0593342707,1.549857378
1.91162467,-5.4323363304,2.6916532516
-2.1865718365,-0.5405342579,1.549857378
0.7309368849,4.6753706932,2.3329241276
