-8.5691976547,0.1281232834,2.6334171295
-12.9249773026,11.6276006699,-2.133102417
-4.6049585342,-1.6163569689,-3.0910916328
-12.3244524002,-13.9837865829,2.6586487293
-5.2661557198,13.1005115509,2.433765173
-4.2050747871,-1.6211565733,3.1170933247
0.4503531456,13.7151880264,-2.8660907745
-11.7036132813,6.0840978622,-1.3497618437
1.8885213137,-2.9589307308,-1.4993999004
-12.5785264969,1.0097097158,-1.3247563839
-3.7052252293,-1.6334053278,3.1170930862
-0.9263261557,13.4753293991,-3.1161985397
1.8366082907,13.9418087006,2.2000789642
-1.5235936642,-8.9057674408,1.0669772625
-6.5721964836,-9.8575153351,2.9834496975
-9.381155014,1.1352889538,2.2337634563
-10.7016496658,-11.7280740738,0.7504525185
-9.4257326126,-1.590935111,2.7419781685
-8.9409360886,-11.0607805252,1.7336004972
1.3163943291,-1.3352794647,2.1587569714
-1.2531870604,-8.6881856918,-1.5914075375
-11.4962234497,5.638692379,1.35841465
-5.5122284889,-13.6352348328,0.8337591887
-0.8482911587,-2.0469388962,1.3167495728
-1.0654252768,-4.737798214,-2.0830755234
-4.4008355141,-10.4008607864,0.0669775084
-7.9295368195,-1.3692749739,0.0919163078
-8.9358873367,13.5770492554,3.0587694645
-0.9263261557,13.4753293991,-3.1161909103
-11.4329833984,5.9319500923,1.35841465
-10.1484127045,11.9670095444,0.4086428583
-0.7441287637,-1.5579532385,1.3667492867
1.8671215773,-2.65969491,-1.4993999004
-8.7923183441,-10.563249588,0.1253099144
-11.6835889816,5.2896704674,-1.7497597933
-0.297044158,-3.8194527626,-2.3080751896
-3.0850601196,0.3172429204,1.1589323282
0.9405956268,14.2991924286,-3.0831053257
-0.9263261557,13.4753293991,-3.1162009239
-0.9263261557,13.4753293991,-3.1161994934
-14.3605775833,0.5296035409,2.0336489677
-1.1540235281,-6.0223097801,1.6753072739
-10.1873188019,3.3566887379,1.6920942068
-12.7698230743,7.8113627434,1.3003129959
-13.2612123489,-10.9034643173,0.1250805557
-10.2395830154,-9.7562685013,-2.9664001465
-10.2965707779,7.3542518616,1.5920937061
-5.0036149025,-12.7794723511,1.1170912981
1.9214410782,-4.1494855881,1.7170892954
-10.6704311371,4.583527565,-1.5577397346
2.0777728558,-11.5017623901,1.4087593555
1.3481644392,-10.7999544144,-1.4160684347
1.9313207865,-3.5574023724,-1.4993999004
-5.6118469238,0.1097121537,-2.6581044197
0.1916740388,-7.2235817909,1.9084178209
-11.2046461105,-13.3333816528,2.0004589558
-12.7246217728,-13.1414003372,1.7086472511
-1.3218523264,-5.5925912857,-1.6330742836
-10.0071582794,-11.1558361053,0.6671187878
1.9276280403,-5.1509590149,-1.7077330351
0.7216150165,13.4789772034,2.9753131866
1.6414107084,12.5269079208,1.7670921087
1.3269991875,-9.509771347,-1.7077330351
-1.281054616,-8.1891307831,-1.4997411966
1.4623948336,-1.597034812,2.0087556839
-3.3727419376,-12.6904764175,-0.533246696
-5.7529630661,-1.8650951385,3.1336426735
1.8194026947,-3.4569664001,1.7170892954
-7.8766918182,-12.9505605698,-1.7828739882
-4.9207606316,1.4923090935,0.5835803747
-0.36427176,-3.8934831619,-2.3080751896
0.827221632,13.7820158005,2.5670928955
-6.7730021477,12.8171405792,0.2667452693
-10.6782588959,5.1834840775,-1.5577397346
-0.9263261557,13.4753293991,-3.1162033081
-9.6427383423,-14.0392007828,-3.0745389462
-8.8222084045,-13.8545751572,-3.132727623
-4.5690360069,11.6041822433,1.6421005726
-0.9263261557,13.4753293991,-3.1161901951
-7.3484325409,12.4942684174,2.7167494297
-7.6402158737,13.4715662003,3.1004350185
-11.1800231934,7.1049809456,1.35841465
-0.001497684,1.5414705276,-0.4744036794
0.3531771004,-11.645116806,1.4500828981
-12.3618803024,-13.9802646637,-0.3830632269
-1.34147048,13.2353210449,-2.2831044197
-1.0391321182,0.7188585401,2.2667460442
-6.9182024002,-1.3424438238,2.5087623596
-14.4265804291,1.8367652893,1.3003129959
0.2144622952,-13.1679105759,0.0587625839
-7.9768776894,12.2567987442,0.0836431608
-0.5561257005,-13.058347702,-0.5412384272
-12.8754301071,-13.6743602753,-0.6830636263
-12.6506490707,-12.2520437241,1.2586458921
1.0123516321,13.4061498642,2.8253126144
1.6894369125,12.0296554565,1.6337593794
-1.3043596745,10.5526123047,-0.0413512848
0.9337221384,13.7018356323,2.467092514
-0.9263261557,13.4753293991,-3.1162009239
-6.4188671112,12.9302377701,0.3504243791
-0.9263261557,13.4753293991,-3.1161859035
-8.3262434006,-14.2106437683,-0.0579095595
-12.8147211075,-10.8473310471,0.1250805557
-1.8832837343,-10.1127376556,-2.3914051056
-9.8120412827,-14.0469751358,-0.3329116702
2.6059393883,-6.9536857605,1.8420908451
-2.0285396576,1.36569345,2.8667459488
-13.7848501205,0.1996250004,2.7836484909
-5.3554759026,-1.8267319202,-2.9495432377
0.4604263604,0.608361125,-1.0914126635
-1.3857024908,-9.3718986511,-1.941405654
-1.5086426735,1.7153342962,0.0752503276
-8.2997531891,-0.0392188989,2.3754296303
-8.5760354996,-13.812587738,-2.6828732491
-1.4593195915,-13.2373313904,-3.0160646439
-10.5201129913,-13.6777172089,-0.5245786905
-3.3055756092,-1.6286284924,-3.0494258404
-7.7066316605,-11.5216341019,-0.4582498074
0.3195160627,11.0072441101,-0.4079037309
-9.4716129303,12.131485939,0.0836429521
-12.2888278961,9.5459318161,1.3003129959
-10.9559373856,-13.5288639069,2.5504598618
0.0472682193,-12.4834766388,1.0000867844
-9.2360143661,-11.0570411682,-0.2749163806
-9.2734909058,-10.4372854233,2.2835991383
-5.031006813,-13.6880455017,-3.0160636902
-8.1293125153,-1.3772367239,0.0085828025
-0.7192265391,12.8328142166,-2.1160907745
-2.2765738964,1.3070997,0.5589296222
-4.7935085297,-12.3195390701,0.1084187478
-10.6926002502,6.2833919525,-1.5577397346
1.3345154524,12.0946521759,1.1253139973
-12.1563777924,6.9640684128,-0.8497632146
-13.0316019058,11.4583997726,-2.133102417
-0.9263261557,13.4753293991,-3.1161949635
0.5345246792,-3.1008234024,-2.3580749035
1.2581292391,-11.7854700089,-1.916066885
-6.4465184212,-0.8190718293,-0.0660681948
-10.0785655975,13.4006137848,-3.1081016064
-8.9720258713,-10.7328147888,-0.1828797758
0.2641302645,-12.0343971252,1.2500854731
-11.5359954834,-0.1299523264,2.6669797897
-0.9263261557,13.4753293991,-3.1162018776
0.827221632,13.7820158005,3.1170938015
-3.4414141178,-10.6947851181,-3.0164048672
-0.834554553,-4.411965847,-2.2830750942
-11.7384128571,-14.1586780548,3.0586483479
2.5678021908,-8.3395547867,1.4170926809
-0.9681915641,-0.5348365903,-2.8244264126
1.9685800076,-4.853770256,-1.7077330351
-10.9085597992,7.8514719009,-1.1160771847
-4.5789103508,-1.6354378462,-2.8245437145
-6.8352069855,-0.9223220944,0.6919158697
-13.302564621,10.8168106079,-1.7914322615
-6.09167099,-9.9909763336,2.750115633
-0.1778553873,13.4145622253,-2.5160906315
-8.6239824295,13.0712909698,2.7167494297
-12.2090129852,9.2145366669,-0.924411118
-2.769920826,-13.0463190079,-0.533246696
-7.2889709473,-11.7942304611,-0.683249712
-8.3594999313,-11.1860599518,-0.8328777552
-5.0707006454,11.4638710022,2.7167494297
-7.2793316841,12.3152780533,0.0836431608
1.7203575373,10.9319076538,1.4420924187
0.338162452,-11.0475492477,1.7500853539
-0.9263261557,13.4753293991,-3.1162023544
-0.5561257005,-13.058347702,-0.391238153
2.3840901852,-9.5253915787,1.4170926809
0.617851615,9.7972660065,0.3000842035
-13.0774908066,-11.4787960052,-1.9663999081
-11.2611923218,-12.6590528488,1.3004549742
-0.8723198771,-0.5064359903,-2.8744263649
2.0348858833,-11.6970262527,1.3087602854
-4.8041176796,-1.6342074871,-3.0327579975
-12.1117525101,4.2831354141,-2.0664269924
-10.3135995865,8.1540746689,1.5920937061
-10.4152736664,-1.1789730787,-0.2747528255
-5.9492588043,13.101899147,0.3504243791
-11.3811588287,10.961643219,0.758643806
-4.4449057579,13.6464767456,0.2754243612
-6.2922143936,-1.6476644278,2.8587622643
-10.2880563736,6.9543380737,1.5920937061
-8.6555194855,0.1785859466,2.5834171772
0.827221632,13.7820158005,2.917093277
1.3230053186,-12.7574796677,0.6587628722
-1.9449023008,10.2577905655,-0.7165843844
-13.2301883698,-12.0572729111,-1.7413989305
-0.1862759739,11.3258113861,-0.7079033256
-12.1516237259,9.9209976196,1.116979003
-1.4728093147,-3.1787118912,0.9834184051
-11.5879764557,4.9469428062,1.5917491913
-1.8561720848,-13.2874107361,-3.0160639286
-8.4804611206,0.082037963,2.6834170818
-12.3970880508,3.7553322315,-2.0664269924
-0.9263261557,13.4753293991,-3.1161973476
-5.4513368607,-10.2737779617,2.7251155376
-2.6838040352,-13.0971536636,-0.533246696
-3.6550810337,12.7088041306,-0.7415868044
-5.5532593727,-1.8558590412,-3.0495429039
-11.9366760254,-14.1330022812,2.9586486816
-1.6682600975,12.8568935394,-2.2831044197
-7.8270807266,-14.2395687103,-0.0579088926
-10.7727594376,-11.7983675003,0.80045259
-1.3304831982,-8.5554637909,1.0669772625
-0.3490724564,-12.9309492111,0.7000875473
0.2289256454,11.0495681763,-0.4579035938
0.0502294935,-9.9872665405,1.708417654
-8.3222160339,-13.8501405716,-3.1327280998
-14.4923171997,1.0447824001,1.6836470366
-0.9263261557,13.4753293991,-3.1162004471
1.0722346306,-12.9216327667,0.5087629557
-5.2293176651,1.238812089,0.7835810184
-1.1122955084,-6.4201292992,1.6753072739
-10.3470096588,-13.7778873444,-0.5245786905
-2.7212102413,1.4380011559,-3.0664386749
-2.6613118649,-11.3202390671,-0.1495746374
-12.6703596115,2.6045117378,-1.5414253473
-3.1651229858,0.1339675784,1.1589323282
-10.3340988159,9.2538175583,1.5337603092
-1.7043164968,9.7696733475,-2.3994202614
2.1238315105,-11.205327034,1.4170926809
-4.9920864105,0.4351212382,-2.6581044197
-12.1593084335,4.1951675415,-2.0664269924
-10.6847820282,5.6834478378,-1.5577397346
-11.3486633301,6.3229603767,1.35841465
-1.7347819805,-9.2449226379,0.9253107905
-1.5945572853,-11.8295078278,-0.7495738864
-9.396238327,-13.0820178986,1.100271821
-11.8743457794,4.7231698036,-2.0497596264
-10.7584667206,8.4387016296,1.2417474985
-2.0806317329,9.4954853058,-2.6994202137
-4.8687682152,-1.7122905254,-2.90787673
-2.2955470085,-1.7181763649,2.5336396694
1.6819162369,-6.934091568,-1.7077330351
-13.5982036591,4.8240485191,1.3003129959
-7.89193964,-12.0582590103,-1.3328754902
-8.177321434,-11.3556404114,-0.2749163806
-10.9674491882,-9.746591568,-3.0495846272
-7.619515419,-0.1723349243,2.9084160328
-1.2511372566,-2.8457520008,0.9834184051
-4.6379375458,0.6210691333,-2.6581044197
0.0418575481,-9.4886350632,1.4584180117
-11.4548912048,-9.851934433,-2.7995841503
-0.9263261557,13.4753293991,-3.116186142
-9.3264923096,-1.3263829947,-0.1080850214
1.3769067526,13.2431535721,2.6253125668
1.1749405861,0.7976973653,-0.8244025111
-13.0952892303,8.2394046783,-1.2497652769
-8.8534879684,-13.9259519577,-2.8328733444
-0.1175360605,10.6456775665,0.3419831693
-10.4131174088,-1.1129949093,2.5003120899
-1.6795727015,-5.0854372978,1.9584215879
-0.1839222163,1.3595952988,-0.616414547
-2.1024000645,1.4052345753,0.4589298964
0.8488038778,-12.4666223526,-2.3160667419
-8.8507385254,-1.7546631098,3.0086443424
-3.7525651455,1.0859395266,-2.6581044197
-1.0290817022,-7.7145152092,1.4503074884
-0.9263261557,13.4753293991,-3.1162033081
-0.9263261557,13.4753293991,-3.1161956787
2.3534715176,-9.723031044,1.4170926809
-0.0285969377,11.2029123306,-0.6079031825
-1.9218242168,1.4912073612,0.4422626495
-0.8251829743,-1.9496558905,1.3667492867
-8.2276954651,-0.1085564494,2.3754296303
-12.7155008316,-10.834856987,0.1250805557
0.827221632,13.7820158005,2.6670925617
-2.3220434189,1.4264171124,3.0167462826
-4.6939015388,-12.310792923,0.0584188253
-0.6160187125,-0.1757466346,1.7667473555
-4.21723032,11.1956005096,3.0417482853
-6.2527165413,-1.8494560719,3.1086428165
-3.145942688,-13.4501686096,-3.0160636902
-2.0806317329,9.4954853058,-2.8994202614
-2.5179095268,11.8729953766,-2.2914376259
-10.6214590073,-10.8884878159,-0.0665844157
-1.4881409407,-2.9407129288,1.7836402655
0.9964783788,10.8436946869,-0.0579031408
-10.3948287964,-11.4715852737,0.6837855577
-10.6964178085,-1.075097084,-0.4247532189
-10.3707180023,9.574344635,1.2417474985
-5.8180546761,0.4324399829,0.9752485156
-10.3157281876,8.2540502548,1.5920937061
-2.9475164413,-13.4251289368,-3.0160636902
-11.1246461868,2.901799202,1.8167499304
-4.9161205292,13.4795541763,0.3504243791
-8.3895320892,0.0404452011,2.7334172726
-1.3730956316,-3.9337573051,1.6753072739
1.6139400005,-12.4839372635,0.8587622643
-12.899600029,0.0811347589,-3.1078708172
-3.7872765064,1.8277770281,-0.0164184924
-13.211602211,-10.8972272873,0.1250805557
-0.0696870163,-12.645617485,0.9000877142
-7.8537735939,-12.2545013428,-1.4328738451
-9.4286146164,-11.0031518936,-0.2582497597
-11.8954553604,-12.5507698059,-0.9495794773
-10.619020462,1.7202587128,2.2667512894
-2.5956451893,-9.9120426178,0.4919783175
-0.8640546203,-13.1622200012,-3.0160655975
0.1172152162,-0.4935721755,2.9087576866
-5.4218115807,13.1833715439,0.2084121853
-13.2021884918,8.8282794952,-1.4664336443
1.317342639,-10.6023492813,-1.4160684347
-0.0917394087,1.584533453,-0.4244037569
-13.3577060699,5.6913332939,1.3003129959
-11.3210430145,8.412612915,-0.7660773396
-4.1982998848,-0.9048060179,0.4172672331
-4.4745092392,1.7149332762,0.3335809708
-12.6166543961,1.2059582472,-1.424757719
-7.3276309967,-0.2416558117,2.908415556
-0.9263261557,13.4753293991,-3.1161854267
0.7794776559,-12.5386762619,-2.3660666943
-9.8216915131,10.526099205,0.833758533
-6.6709475517,-9.8417682648,2.9834496975
-10.2688989639,6.0545320511,1.5920937061
1.2592121363,-1.253254056,2.2087574005
2.5371835232,-8.537194252,1.4170926809
-10.2736577988,-9.8072156906,2.8835999966
-0.9263261557,13.4753293991,-3.1161932945
-0.9263261557,13.4753293991,-3.1161978245
-12.711728096,11.9660024643,-2.133102417
-0.9263261557,13.4753293991,-3.1161940098
-0.5694816113,-13.0483779907,-0.6412386894
-1.9932594299,-1.9791176319,2.3336389065
-2.2605278492,9.4604825974,-2.9994199276
0.2643718123,-10.7570304871,1.8750844002
-9.0545005798,-9.5760526657,-3.1330685616
-13.0235805511,8.0527915955,-1.1497647762
-11.1733407974,3.0957794189,1.8167499304
-7.9276833534,-13.1438655853,-1.8828730583
-0.9263261557,13.4753293991,-3.1161901951
-4.7002058029,12.2886924744,1.9337662458
2.2769248486,-10.2171297073,1.4170926809
-13.1985197067,-13.3390893936,-0.9330645204
-1.7393722534,-13.3931035995,-0.0499124043
0.8543442488,13.7626390457,2.5170927048
-11.7915086746,-10.1191768646,-2.6664004326
-12.1544361115,-10.7398328781,-1.8995838165
-0.9263261557,13.4753293991,-3.1161866188
-4.5931768417,11.6787424088,-0.7496884465
-7.8937449455,-10.5758981705,-0.0496895537
1.0900111198,-1.0566724539,-1.5247429609
-0.2022405863,-12.7952737808,0.8000876904
-2.191116333,12.2514228821,-2.2831044197
-5.662756443,-0.9619349241,-0.2994006872
-9.8867073059,10.45013237,0.8837580681
-13.1917686462,8.7288246155,-1.4664336443
-8.9720258713,-10.7328147888,-0.0328801349
-13.7050914764,4.4385886192,1.3003129959
-1.831053257,-4.3053274155,1.5584210157
-0.9263261557,13.4753293991,-3.1161849499
-0.9879062176,-12.6214914322,-0.941239953
-13.2811203003,-12.3529253006,-1.7330656052
-14.3605775833,0.5296035409,2.0836489201
-5.8906841278,11.8348140717,2.7167494297
2.629039526,-7.944275856,1.4170926809
-13.518037796,5.1131434441,1.3003129959
-6.8807339668,12.3486948013,0.0836431608
-13.3472967148,10.5204467773,-1.6414325237
0.0883366019,-10.1835193634,1.8084176779
-12.9808225632,7.9624052048,-1.0997643471
-9.990814209,-9.9063682556,2.7335996628
-0.9263261557,13.4753293991,-3.1161930561
-5.9085998535,-10.0715036392,2.7251155376
-0.9263261557,13.4753293991,-3.1161975861
-1.8643245697,12.6298503876,-2.2831044197
-12.440659523,-13.918463707,2.4586486816
-10.0806941986,-10.7364959717,0.1336432397
-0.9263261557,13.4753293991,-3.1161990166
-10.9523410797,7.8708844185,1.2417474985
-8.3754692078,12.2233819962,0.0836431608
-2.2461824417,-9.7176704407,0.5753112435
-7.8222289085,-13.845705986,-3.1327285767
-11.5729732513,4.7475886345,1.691749692
-0.9263261557,13.4753293991,-3.1161904335
-5.4814782143,0.9291443229,0.9752485156
1.5839571953,14.2293205261,2.850079298
-9.5571365356,0.64016366,-1.074403882
0.5987961292,0.3421773016,-1.0914126635
-5.8553371429,13.1362314224,0.3504243791
1.3038165569,0.6448643208,-0.924402833
-11.3908233643,6.1274552345,1.35841465
-2.4660716057,-10.4940233231,-2.7414059639
-4.6258878708,-10.6320896149,2.8001153469
-11.116651535,-13.4099597931,2.4504599571
-13.2855472565,9.6239185333,-1.4664336443
-10.6691265106,4.4835348129,-1.5577397346
-11.3217315674,-12.9864521027,1.700455308
-2.5972709656,-13.1472663879,-0.4999135137
-0.5561257005,-13.058347702,-0.4912381172
-2.0894498825,-11.4942588806,-0.4495740533
-10.3072137833,7.8541440964,1.5920937061
-12.2573986053,-11.2277908325,-1.6495814323
-8.5293064117,-1.3806699514,0.0085823108
-0.5439921618,13.075969696,-2.2660908699
-8.4293079376,-1.3798116446,0.0085824337
-8.5905761719,11.5461463928,0.675424397
-9.4860591888,-10.6565361023,0.1336432397
-8.2264108658,-14.2164287567,-0.0579094291
-8.081076622,-11.3827857971,-0.2749163806
-1.6577458382,-13.2623710632,-3.016064167
-12.5634851456,3.3922183514,-1.8997598886
-13.1123819351,-10.8847532272,0.1250805557
-5.730588913,-13.8405389786,0.6837591529
-5.2918071747,13.3422250748,0.3504243791
-10.3191299438,2.0470545292,-1.074403882
-0.9263261557,13.4753293991,-3.1162014008
1.950594902,-4.3473482132,1.7170892954
-9.8109025955,10.9599027634,0.950080514
-9.8232107162,-10.9417257309,-0.0665837005
1.0876379013,-12.1465806961,-2.1160664558
-10.700428009,6.883348465,-1.5577397346
-3.0450286865,0.4088805914,1.1589323282
-14.4991111755,1.4440594912,1.4836479425
-11.7506732941,-10.0553693771,-2.2995843887
2.1716871262,13.2199993134,1.8834130764
-11.327583313,6.4207129478,1.35841465
1.8457218409,-2.3604590893,-1.4993999004
-12.2505903244,-11.6270685196,-1.4495820999
-10.3018312454,9.5517940521,1.3837604523
-0.3343889415,13.2902088165,-2.4160907269
-0.9263261557,13.4753293991,-3.1161887646
-12.1194028854,-10.6461801529,-1.9495846033
-14.3605775833,0.5296035409,2.3836488724
-1.0771490335,13.5354614258,-2.3414375782
-10.2561273575,5.4546613693,1.5920937061
-12.2102527618,-10.9317998886,-1.7995826006
-8.919260025,-11.259519577,1.6336001158
-11.2879371643,12.5704679489,-2.3494157791
-6.4836153984,12.8962249756,0.2667452693
-10.1631145477,3.1581594944,1.6920942068
0.0319052041,-9.7881908417,1.608418107
-11.8665161133,12.7942028046,-2.6581008434
-10.5216779709,-10.8951425552,-0.0665843263
0.3865802884,-3.2352831364,-2.458075285
1.9727195501,-11.8870296478,1.2087602615
-11.3065032959,6.518465519,1.35841465
-12.6439409256,1.7048988342,-1.5414253473
-0.5107363462,13.9406747818,-2.691437006
-11.757938385,6.2764925957,-1.249761939
1.7529896498,-1.0637705326,-1.4993999004
1.4941916466,10.8750572205,0.1920972914
-13.4967031479,0.1171479523,2.9336483479
-10.1784067154,13.3951845169,-3.0581014156
-0.9263261557,13.4753293991,-3.1162037849
-3.3877732754,12.4121294022,-0.9415861964
1.0099618435,13.637140274,2.4170925617
0.038578406,-9.8879575729,1.6584180593
-11.3040742874,-12.8543176651,1.4004557133
2.6723697186,-7.3474564552,1.6420927048
-7.0738215446,-1.2169451714,2.4087629318
-4.290646553,10.4503231049,2.0837678909
1.7203575373,10.9319076538,0.692096889
-11.6096553802,-9.9136610031,-2.6495842934
0.2935357988,-10.8526763916,1.8500851393
-10.6991233826,6.7833557129,-1.5577397346
-1.3000715971,-4.6299414635,1.6753072739
-11.7281532288,5.0947842598,-1.8497599363
2.6137301922,-8.0430955887,1.4170926809
-3.2448337078,9.5628824234,2.7837662697
-0.9263261557,13.4753293991,-3.116189003
1.7203575373,10.9319076538,1.1920945644
-1.6248121262,-3.437057972,1.1084192991
-3.8386888504,-10.7408618927,-3.0830709934
-12.4434747696,11.2056360245,-1.9744148254
-13.3076314926,-12.7513790131,-1.5330660343
-6.6632590294,-1.5000386238,2.658762455
-4.9750027657,-1.07287395,0.0172667783
-5.8837471008,12.3835582733,-0.1413563788
1.7376928329,11.2311258316,1.5920927525
1.0340086222,-12.23097229,-2.1660664082
-3.2246668339,12.1604652405,-1.01658535
-11.7692651749,10.5060911179,0.9503111839
-0.5877684951,-0.3736577928,1.6667472124
-7.5941185951,-10.590798378,-0.0496894233
0.1183323711,1.0986155272,-0.8164134622
-11.4386940002,-14.1598100662,-3.0745372772
-8.2595338821,12.9064273834,2.7167494297
-3.5449755192,-12.588807106,-0.533246696
0.2840563953,-7.6120839119,1.7084187269
-1.8121541739,-10.0424633026,-2.3414046764
-2.6983959675,11.31016922,-1.01658535
-7.4395418167,12.535484314,2.7167494297
-5.5070977211,13.2787799835,2.5837657452
-0.9263261557,13.4753293991,-3.1161906719
-6.7508325577,-1.4517797232,2.6087622643
-1.697973609,-2.3809988499,2.0836381912
-10.2837991714,6.7543811798,1.5920937061
0.1744875312,-10.4708194733,1.8750844002
-5.3985886574,-10.4678087234,0.0669775084
-0.0766004026,13.4969244003,-3.1162047386
1.3955260515,10.8588380814,0.1420972794
-10.4963798523,11.7710847855,0.6086431742
-6.9523415565,-1.826402545,3.1086432934
-6.553498745,-0.6392866373,0.8919150233
-4.305044651,-1.6187068224,3.1170935631
1.5127346516,0.3045386076,-1.1244016886
2.4273989201,12.1544828415,1.6667474508
-13.2612123489,-10.9034643173,0.1250805557
-2.275624752,10.6310539246,-0.9665856361
1.6198703051,12.6245508194,1.817091465
-10.8665428162,12.997595787,-2.3494157791
-0.9263261557,13.4753293991,-3.1161921024
0.0208579376,-13.0087013245,-2.8160672188
0.583594799,-0.6701855063,2.6587574482
-11.4536409378,10.8927469254,0.766977191
-8.9252386093,-14.1759338379,-0.0579105467
-6.9222683907,-13.837723732,-3.1327295303
-13.1172084808,6.5586180687,1.3003129959
-12.4224376678,9.0641069412,1.3003129959
-7.0522885323,-1.823108077,3.1086432934
-1.3579671383,-6.792034626,-1.5997408628
-8.2003612518,11.8587703705,0.675424397
-8.9222068787,-13.8554620743,-3.132727623
-11.2360019684,11.0992355347,0.758643806
-9.1511325836,-10.5953855515,2.1835989952
-7.4478931427,-11.672914505,-0.6082498431
-6.0985350609,0.0185194574,0.9752485156
-13.0995140076,0.0757802054,3.1336479187
-11.9749450684,6.7255020142,-0.9997628927
-0.9263261557,13.4753293991,-3.1161978245
-0.8672241569,1.7581402063,-0.0244040508
-0.9263261557,13.4753293991,-3.116184473
-14.2128047943,2.6076748371,1.3003129959
-6.7290844917,-14.2681093216,0.1337587684
1.1980019808,-1.1741889715,2.2587566376
-8.8761091232,0.5155622363,2.3587629795
-2.2151739597,-1.7776585817,2.4836394787
-1.344951272,-7.2914104462,-1.4997411966
-11.8118896484,-11.1668014526,0.558643043
-6.4489398003,13.5825490952,3.0837666988
-0.9263261557,13.4753293991,-3.1161999702
-10.4690914154,-9.7651195526,2.9836001396
-3.2393724918,11.3477144241,-2.7414376736
-1.7794009447,9.7036418915,-2.4494204521
-0.6375255585,-0.078097105,1.8167471886
0.1565948278,-7.1299471855,1.9584183693
-8.9720258713,-10.7328147888,-0.1328799725
-0.6656283736,-13.1371803284,-3.0160660744
-4.336420536,-10.7098083496,2.9501149654
-1.2986254692,-5.3940281868,-1.7330739498
-1.9135676622,-11.589299202,-0.5495740175
2.3687808514,-9.6242113113,1.4170926809
-7.5782799721,12.2902154922,0.0836431608
1.263895154,-10.1058778763,-1.5660672188
-7.531580925,-11.6181945801,-0.5582495928
-5.6529955864,-1.8629738092,-3.0995428562
-11.2850751877,-12.756149292,1.3504550457
-10.3093423843,7.9541225433,1.5920937061
-1.6490983963,1.616055131,0.3755957484
-7.8950881958,12.741563797,2.7167494297
-7.7128696442,12.6591320038,2.7167494297
0.7978153229,10.8660516739,-0.157903403
-10.2646417618,5.8545751572,1.5920937061
-0.7229768038,-12.9202919006,-0.7412393689
-14.3727970123,0.5606158972,1.9336479902
-11.1589431763,7.2027335167,1.35841465
-9.6842708588,-10.6831893921,0.1336432397
-8.0709218979,-11.5927839279,-1.0828763247
-0.5320003033,1.5553246737,-0.4164149165
-11.0492782593,7.5869822502,1.2417474985
-10.4143505096,-13.7818279266,2.8504595757
-5.454003334,-1.8437683582,-2.9995429516
1.7203575373,10.9319076538,0.9420956969
-1.2061835527,-5.5250353813,1.6753072739
2.4402153492,11.6556062698,1.4834141731
-0.508041501,-6.270837307,2.5084199905
2.6443488598,-7.8454561234,1.4170926809
-1.3939596415,-3.7348475456,1.6753072739
-4.1174902916,11.1885385513,3.0917482376
-2.4586150646,-1.3471306562,-2.6160929203
-10.2582559586,5.5546398163,1.5920937061
-11.879447937,-10.1667661667,-2.6164007187
-9.196516037,0.8988382816,2.2337634563
-1.1180411577,-8.1038150787,1.2503097057
-13.2508182526,6.0767931938,1.3003129959
-5.9817934036,11.8760299683,2.7167494297
-14.4519577026,1.7400466204,1.3336462975
-11.5235805511,10.8212881088,0.8169776201
-8.6257410049,-14.1932888031,-0.0579099655
1.0674238205,11.6730203629,0.9419811368
-6.0729026794,11.9172458649,2.7167494297
-11.2391433716,-14.1464090347,-3.0745375156
1.9027878046,-3.158421278,-1.4993999004
-7.8585042953,-12.8522386551,-1.7328747511
-13.2132110596,-11.9587221146,-1.7413989305
-3.7390830517,-10.7321043015,-3.0330710411
-1.2270475626,-5.3261256218,1.6753072739
-12.2005414963,0.078371197,3.0169804096
1.0946145058,-1.1565665007,-1.5247429609
-4.5782203674,-1.02780509,0.2172672004
-9.3334541321,-1.6294565201,2.7586448193
1.9453498125,13.7740516663,2.1000788212
-5.0100421906,13.4452219009,0.3504243791
-11.1203641891,-10.855214119,-0.0665848628
-9.2723140717,12.148194313,0.0836431384
-8.5125331879,11.6086711884,0.675424397
-3.5229859352,11.2507839203,-2.8914377689
-10.7907791138,8.3440647125,1.2417474985
-2.9482033253,-10.1009845734,0.4919783175
-4.9795913696,11.4226551056,2.7167494297
-1.2805566788,-8.9866533279,-1.7414083481
-10.3121986389,-13.9721651077,0.4502725303
-3.1077952385,-1.599478364,-2.9494261742
-1.8530637026,-0.9959794283,-2.6160929203
2.2331962585,13.0296955109,1.8834130764
-1.1331595182,-6.2212195396,1.6753072739
0.8747733235,1.0610837936,-0.6244035959
-12.6731567383,2.7044723034,-1.5497586727
-0.3308977485,11.4638395309,-0.8079038858
-2.4514508247,-13.3625297546,-3.0160636902
-0.9263261557,13.4753293991,-3.1161887646
-10.6521663666,3.1836407185,-1.5577397346
-4.6162819862,12.0009622574,1.7837673426
1.0758167505,-0.8572324514,-1.4580762386
-14.1326389313,2.8967654705,1.3003129959
-11.2324876785,-12.5632715225,1.2504546642
-10.6965141296,6.5833702087,-1.5577397346
-3.4542562962,10.8854379654,-0.4330199063
2.2309968472,-10.5135889053,1.4170926809
-1.5652879477,-9.7285747528,-2.1414048672
-1.9331351519,1.3357613087,2.8167459965
1.5906893015,0.1204463169,-1.224401474
-12.1732215881,-14.0464134216,-0.2830627263
-12.6584157944,12.0506029129,-2.133102417
1.3377197981,13.2612724304,2.1670928001
-0.908937335,-2.2374355793,1.216750145
-11.5194883347,-10.8285951614,-0.0665852204
-1.6083593369,1.7078162432,0.0752502382
0.1567610204,14.1456546783,-2.9081039429
-10.8529930115,13.2212486267,-2.7497673035
-6.7222771645,-13.8359498978,-3.1327297688
-10.5762233734,-10.8031291962,0.1336432397
-6.0753622055,-12.4508533478,-0.1665829271
-9.6243839264,-10.9626340866,-0.158250019
0.7997492552,-13.0464639664,0.3587630689
-3.6203579903,11.2280540466,-2.9414377213
-9.8445997238,-11.0394687653,0.5671188235
-10.162279129,-11.2820711136,0.6837855577
-5.3462352753,0.2491733283,-2.6581044197
-12.7362947464,-13.0420951843,1.658647418
-5.4005723,-1.6993787289,-3.0327575207
-10.2466773987,-1.223741293,2.6003117561
-11.4986343384,12.3569040298,-2.3494157791
-8.4222145081,-13.8510274887,-3.1327280998
-2.908904314,11.6502876282,-1.01658535
-4.8884820938,11.381439209,2.7167494297
-1.4148236513,-3.5359377861,1.6753072739
-2.4651987553,-11.3590564728,-0.2495743632
1.5839571953,14.2293205261,2.750079155
-10.844540596,2.0498166084,2.0667507648
-0.9263261557,13.4753293991,-3.1161994934
-2.1546304226,10.4719076157,-0.8665851355
-10.6149740219,2.786005497,-1.3744062185
-10.2412319183,4.7548222542,1.5920937061
-11.7795639038,12.0721521378,-2.3494157791
-2.5173177719,1.1285661459,0.708930254
2.2312090397,-5.9196810722,1.9254230261
-1.174887538,-5.8234000206,1.6753072739
-2.8207402229,1.4284181595,-3.0164384842
-9.9229917526,-10.9350709915,-0.0665837899
-5.1769790649,-10.3951425552,2.7251155376
-5.5270795822,-13.7506446838,-3.0160636902
0.6090345979,-13.1064214706,0.2587629557
-11.0273485184,-9.8957033157,-2.9664001465
-13.2612123489,-10.9034643173,0.1250805557
-7.1796822548,12.3236322403,0.0836431608
-10.2731561661,6.254488945,1.5920937061
0.8968673348,10.8523893356,-0.1079032347
2.1544501781,-11.0076875687,1.4170926809
2.2616155148,-10.31594944,1.4170926809
-5.5907487869,12.320438385,-0.2913558781
-3.9919705391,10.0509548187,2.3337666988
-11.2901268005,-13.2129058838,-0.6495791674
-0.9263261557,13.4753293991,-3.1161842346
-2.8560376167,-12.9954843521,-0.533246696
-8.0765209198,12.2484445572,0.0836431608
-12.0919485092,6.8876047134,-0.8997629881
-9.7259635925,-10.0466709137,2.5835995674
-7.5306510925,12.5767002106,2.7167494297
0.6304634213,-12.6719493866,-2.4660673141
-3.2063210011,-1.6165262461,-2.9994261265
0.3681328893,-11.4457588196,1.550083518
-0.9263261557,13.4753293991,-3.1161904335
-10.055847168,12.0048208237,0.3586427569
-1.1574708223,12.8268375397,-0.9912381768
1.1064344645,13.3722915649,2.7753124237
-10.199420929,3.4559533596,1.6920942068
-10.6834774017,5.5834550858,-1.5577397346
1.9883867502,-4.3553595543,-1.4993999004
-2.4193661213,-9.81757164,0.4919783175
-3.4569349289,-11.3491926193,0.2087578326
-0.9263261557,13.4753293991,-3.1161928177
-0.9263261557,13.4753293991,-3.1161975861
-1.6697032452,-11.7635450363,-0.6995740533
-12.4491596222,8.9677419662,1.3003129959
-3.4086821079,-10.292681694,0.275311172
-1.433168292,-5.5190119743,2.2084207535
-5.5189929008,13.1598396301,0.2584119737
2.1087470055,10.723151207,0.9834166169
0.0335468166,-9.5882797241,1.5084180832
-12.1270799637,11.7127857208,-2.2744157314
-12.440659523,-13.918463707,2.3586490154
-8.7688007355,-0.3741852045,-0.6077369452
-12.5026035309,8.7750120163,1.3003129959
0.9563613534,-0.373050034,-1.2080790997
-10.1217632294,-1.2396692038,-0.1247524023
-12.0496807098,-0.0589279085,-0.8747543097
-11.6819353104,-9.9827518463,-2.3495841026
-6.6302871704,-14.2527122498,0.1837589145
-7.3485970497,-1.2284944057,0.3919164836
-3.9274306297,-11.5145263672,0.4587574899
-9.1368770599,11.1084728241,0.675424397
2.1100459099,13.4102602005,1.9000797272
1.8320734501,-5.8443994522,-1.7077330351
-2.1257576942,12.3271083832,-2.2831044197
-10.2531585693,1.3812382221,2.4917507172
-0.5202263594,11.6961889267,-0.9579047561
2.1109409332,-5.4355926514,1.7170892954
-7.4222464561,-13.8421583176,-3.1327290535
-3.7216117382,-12.4951782227,-0.4415800869
-12.7079992294,-13.2399988174,1.7586475611
-1.2881542444,-8.089384079,-1.4997411966
-10.1762561798,1.7832624912,-1.074403882
1.1369824409,-12.0596141815,-2.0660674572
-0.6769204736,-0.4641749263,-2.9744265079
-3.8021836281,-10.3606920242,0.0753108487
-3.4588587284,-12.6396417618,-0.533246696
0.1292593777,9.6968898773,0.0834171176
-4.6271948814,13.1933708191,-0.1915867776
0.8881897926,-2.6189193726,-2.0580742359
-6.064707756,-14.0592470169,0.4837593734
-2.0068824291,-9.5372056961,0.7253105044
-9.8422889709,-14.0526018143,-3.0745387077
-3.3966803551,1.2684088945,-2.7164378166
-13.9188632965,3.6676738262,1.3003129959
-8.9591960907,-10.962471962,1.7836005688
-2.3597652912,1.251627326,0.6089295149
2.4120118618,11.4576892853,1.3834154606
-4.4150304794,11.2246217728,2.9417488575
-11.5149860382,-10.0035591125,-2.8164000511
-12.4808216095,11.1128816605,-1.9244148731
-3.1194126606,11.9904060364,-1.01658535
-0.92736274,-12.7010679245,-0.8912401199
-11.6096553802,-9.9136610031,-2.4495840073
-8.1933765411,-10.560997963,-0.0496896878
-2.2300972939,-13.3042736053,-0.2999130487
-10.6665172577,4.2835493088,-1.5577397346
-12.3612098694,7.1832437515,-0.8164297938
-1.0607430935,11.1890087128,-1.6410887241
0.9762285948,-12.3125782013,-2.2160663605
-6.7810845375,12.3570489883,0.0836431608
-4.797036171,11.3409852982,2.7417490482
1.0616770983,-0.7582473755,-1.4080762863
1.7911214828,-6.1415882111,-1.7077330351
-9.0960321426,-10.6788244247,2.1335992813
-2.5075056553,-9.8648071289,0.4919783175
-7.7511239052,12.3310995102,0.5834118128
0.6032728553,-3.0282173157,-2.3080749512
1.8048257828,-3.3580350876,1.7170892954
-13.1140937805,-11.5718450546,-1.916400075
-5.1691608429,0.3421472907,-2.6581044197
-8.4930438995,-10.5469303131,-0.0246898364
-8.0396652222,-13.421877861,-2.3328728676
1.6736335754,-2.4676532745,1.7170892954
-3.4814753532,-0.3732127547,0.8672668934
-6.4356160164,-14.2072162628,0.2837591469
0.2484251112,0.9468171597,-0.9164139628
-1.3165527582,-7.6903972626,-1.4997411966
-8.6293048859,-1.3815282583,0.0085821878
1.9384540319,-3.657147646,-1.4993999004
1.5041288137,13.1637554169,2.3753118515
-12.1426334381,-14.066904068,2.7586488724
-13.9723072052,3.4749467373,1.3003129959
-12.2242469788,7.0375032425,-0.8164297938
-9.222202301,-13.8581228256,-3.1327271461
-11.3437719345,3.7747101784,1.8167499304
-1.2397018671,10.4143791199,-1.9994193316
-10.6612987518,3.8835799694,-1.5577397346
-0.5994192362,-0.2743490338,1.7167476416
-0.9263261557,13.4753293991,-3.1161985397
-1.423850894,-9.4643249512,-1.9914050102
-8.7222099304,-13.8536882401,-3.1327278614
1.3406498432,-9.4107055664,-1.7077330351
0.3627133369,0.7827894688,-1.0164132118
-8.9720258713,-10.7328147888,-0.3328794241
-0.9739619493,12.1846389771,-1.7660894394
-1.3434975147,-6.292242527,-1.5997408628
-11.444270134,-0.5777807236,-0.6330872774
-10.5713405609,13.3239593506,-2.8581008911
-9.9182024002,10.791220665,1.0500804186
0.4121155739,10.9695100784,-0.3579035699
-8.4660558701,-11.2742042542,-0.2749163806
-7.80397892,12.7003479004,2.7167494297
-13.0131616592,-10.8722791672,0.1250805557
-1.8194229603,-4.1057481766,1.4584211111
-5.9972405434,-10.5079774857,0.0669775084
-8.6015605927,11.8075962067,0.4250788391
-4.6089448929,11.2732439041,2.8417489529
-13.9990291595,3.3785831928,1.3003129959
1.2860472202,-9.806968689,-1.7077330351
-9.4851207733,13.3287878036,2.8834161758
-7.5791759491,-0.7325947285,2.3754296303
-1.3378516436,-7.3911571503,-1.4997411966
-1.0871558189,-5.8781461716,2.4584200382
-8.72930336,-1.3819699287,-0.008084598
-0.9263261557,13.4753293991,-3.1161935329
1.0993907452,-1.9552809,-1.7080761194
1.2961729765,10.8475704193,0.0920971408
-0.9263261557,13.4753293991,-3.1162035465
-9.1447677612,-13.9965810776,-2.982872963
-0.376503706,13.4893026352,-3.1162045002
-8.3186378479,-13.6590356827,-2.5328729153
-8.9659633636,11.6426410675,0.4250788391
-1.4599528313,1.6807919741,0.2755954564
0.8197011352,13.4595594406,2.9253129959
-13.3042621613,5.8840632439,1.3003129959
2.552492857,-8.4383745193,1.4170926809
-0.9263261557,13.4753293991,-3.1161897182
-0.9263261557,13.4753293991,-3.1162025928
1.3327535391,-10.7011518478,-1.4160684347
-6.7945537567,12.7929086685,0.3504243791
2.3641905785,11.2635755539,1.2834159136
-1.028839469,-7.2157683372,1.6753072739
0.9917808771,-0.9566924572,2.4087572098
1.5839571953,14.2293205261,2.8000793457
-0.1473704129,-6.6152477264,2.2584190369
-11.5173034668,5.5409398079,1.35841465
1.0374644995,-2.2485334873,-1.8580752611
-2.3063759804,1.6551898718,0.0752496123
-10.7090969086,-0.844863832,2.3253126144
-13.1731281281,-11.7628469467,-1.8163989782
-1.0624670982,-13.1872520447,-3.0160653591
-5.6979146004,-10.4878931046,0.0669775084
-1.0480231047,-13.3090953827,0.3000883162
-10.230588913,4.2549300194,1.5920937061
-7.494243145,-10.5957651138,-0.0413560271
-8.5780410767,-10.9809474945,-0.6828784943
-8.1577253342,-9.6491012573,3.050116539
-5.7770161629,-12.4795064926,-0.0165826473
-9.8698940277,1.9989138842,1.8920953274
-8.9720258713,-10.7328147888,-0.2328796387
-9.52709198,10.7958488464,0.675424397
-0.9120254517,1.6779999733,-0.2164155841
-7.2222552299,-13.8403844833,-3.1327292919
0.827221632,13.7820158005,2.7670929432
-9.2991113663,-10.7950248718,0.2671191096
-2.5912852287,1.0612846613,0.7589306235
-11.6385669708,-14.1640529633,3.1086480618
-7.5520234108,-1.8066357374,3.1086435318
-4.0017342567,-10.3740816116,0.0669775084
-7.7168102264,-0.1492279768,2.9084162712
-9.496386528,-13.2550430298,1.0002719164
-12.8262462616,7.7056212425,-0.9497634172
-4.3806757927,10.6288223267,1.9837663174
1.7203575373,10.9319076538,1.1420947313
-2.3597824574,9.4483795166,-3.0494198799
-8.8097133636,13.1452617645,2.8167495728
-9.9653968811,10.7030687332,1.1000807285
-5.9239377975,-13.8007240295,-3.0160636902
-0.9263261557,13.4753293991,-3.1161973476
-10.5407161713,-14.0995054245,-3.0745382309
-12.2493028641,11.5545825958,-2.1744163036
-10.2223348618,-10.9151067734,-0.0665840581
1.9598537683,-3.9563834667,-1.4993999004
-12.1310558319,-12.1112298965,-1.1995807886
-2.330006361,10.7149620056,-1.01658535
-2.08360672,-9.6013259888,0.6753106117
2.4285879135,11.5562944412,1.43341434
-4.1848225594,-11.6680870056,0.6087571979
2.14093256,13.3151512146,1.8834130764
-10.2603845596,5.6546182632,1.5920937061
-11.2643480301,-10.9269924164,0.2586423755
-7.5275831223,-14.2569236755,-0.0579085201
-7.8345794678,12.2759990692,0.5834118128
1.9797487259,-4.5452108383,1.7170892954
-12.0641965866,4.3711032867,-2.0664269924
2.4147088528,-9.3277521133,1.4170926809
-0.9263261557,13.4753293991,-3.1161954403
-12.6498117447,1.9048128128,-1.5414253473
1.6000123024,-7.5284690857,-1.7077330351
-4.7714877129,-1.6891312599,-2.9078769684
-12.5226888657,9.8363275528,-1.2744128704
-0.9263261557,13.4753293991,-3.1161892414
-6.496117115,-10.5414514542,0.0669775084
-0.8049194217,-1.8517302275,1.3667492867
-10.1122188568,10.3314399719,1.2417474985
-8.350646019,12.94764328,2.7167494297
1.5433797836,10.1646871567,0.583417356
-4.5243005753,11.1063928604,1.7337665558
-4.6745448112,-1.6646250486,-2.8745436668
-9.6047611237,0.7280943394,-1.074403882
-6.5222859383,-13.8341760635,-3.1327300072
-7.0222640038,-13.8386106491,-3.1327295303
-11.4540634155,5.8341975212,1.35841465
-9.7020902634,-1.4742161036,2.7419781685
-3.218985796,-10.2295780182,0.3753114343
-6.122522831,-13.8243837357,-3.0577304363
-2.2171173096,10.5499687195,-0.9165854454
-12.2776527405,-10.4669904709,-2.3664014339
-12.9995412827,0.0777632222,-3.1078708172
-10.2199459076,3.7550413609,1.5920937061
-12.5134859085,11.0183763504,-1.8744151592
0.1909289956,-12.2204294205,1.1500862837
-8.3357753754,11.9461812973,0.5584118962
-1.2687755823,-4.9283061028,1.6753072739
-11.2046461105,-13.3333816528,2.2004601955
-0.9263261557,13.4753293991,-3.1161954403
-2.9264988899,-1.4233534336,2.8836402893
0.9720944166,-2.4374613762,-1.9580755234
-10.2901849747,7.0543165207,1.5920937061
-6.5733833313,-1.5438601971,2.7087621689
1.965171814,-4.4462795258,1.7170892954
-10.9588766098,-0.9303814769,-0.5747538805
-8.7591524124,-13.8928050995,-2.7828733921
-11.5504236221,8.6057691574,-0.6744111776
-10.491979599,-1.0515224934,2.450312376
-1.6366155148,13.3322496414,-0.6412397027
-5.7255086899,-13.7756843567,-3.0160636902
-10.5645923615,9.0065231323,1.2417474985
-7.6337776184,-1.3207108974,0.2419165373
1.2664507627,-10.2058353424,-1.5160677433
-11.0000925064,2.4176094532,1.8667507172
-12.6586179733,2.2046837807,-1.5414253473
-4.3010601997,-10.3941659927,0.0669775084
-2.018352747,10.32563591,-0.7665846944
-2.6523826122,13.7169904709,-0.0912404507
-0.8149774671,12.6573181152,-2.0160911083
-7.4403157234,13.4741668701,-3.0827505589
1.0992178917,-1.2564605474,-1.5247429609
-8.8547906876,-9.5851745605,3.050116539
-4.6003861427,-10.4142503738,0.0669775084
-13.437871933,5.402238369,1.3003129959
-5.950773716,-0.8782612681,-0.2327341288
-10.9398174286,-14.1263074875,-3.0745377541
-9.073015213,12.1649026871,0.0836431608
-0.9263261557,13.4753293991,-3.1161944866
-8.4376077652,13.5356788635,3.0587689877
-5.6674938202,13.2048959732,0.3504243791
-13.2471656799,-12.1558237076,-1.7413989305
-10.2242031097,3.9549953938,1.5920937061
-7.7315130234,-1.3418235779,0.1919165403
-9.1276626587,-1.3479579687,-0.1080848426
-8.9027481079,11.2960472107,0.675424397
-0.9263261557,13.4753293991,-3.1161935329
1.5041288137,13.1637554169,1.9753125906
-13.2612123489,-10.9034643173,0.1250805557
-4.4939994812,-12.3082780838,-0.0415809974
-9.292963028,10.983423233,0.675424397
-2.7362408638,-1.4847432375,2.7836401463
-3.2103636265,1.3408864737,-2.8164381981
1.3395138979,14.2809562683,3.0000796318
-13.1480073929,8.4322462082,-1.3497657776
-1.4849561453,1.1170432568,2.5667455196
-12.2345809937,-14.0276184082,2.7086486816
-0.9263261557,13.4753293991,-3.1161935329
-1.4068284035,13.1596355438,-2.2831044197
-0.9263261557,13.4753293991,-3.1162016392
-10.8731098175,11.4432163239,0.758643806
-0.9263261557,13.4753293991,-3.1161961555
-12.3598690033,0.4523400664,-1.133089304
-0.9263261557,13.4753293991,-3.1161975861
-3.3377404213,9.5998458862,2.7337665558
-6.5958924294,-10.5481462479,0.0669775084
-3.4521627426,13.7242994308,0.0004254193
-0.9263261557,13.4753293991,-3.1162028313
-0.9263261557,13.4753293991,-3.1161885262
-1.3319218159,-5.8924088478,-1.5997408628
-2.5085382462,-13.193356514,-0.4499135613
0.827221632,13.7820158005,2.7170927525
-12.0601930618,11.787109375,-2.3244156837
-4.634355545,13.5825500488,0.3504243791
-0.9263261557,13.4753293991,-3.1161882877
-0.7686807513,-13.2004489899,0.4500882924
-3.9207923412,9.9807281494,2.3837666512
-1.2362616062,-5.7449755669,2.3584206104
-1.4042744637,10.5567436218,-0.0413513742
0.254047513,14.168794632,-2.9081041813
-11.1374568939,7.3003959656,1.3334144354
-14.3605775833,0.5296035409,2.233648777
-0.9263261557,13.4753293991,-3.1161854267
-10.3177719116,-13.807723999,2.9004592896
-9.9815883636,-10.7231693268,0.1336432397
-0.9263261557,13.4753293991,-3.1162023544
-13.092215538,-13.4673929214,-0.8330643177
-10.3380537033,-9.7736978531,-2.9664001465
-0.9263261557,13.4753293991,-3.1161994934
1.4583590031,10.1120624542,0.5334173441
-0.9531382322,-13.2775535583,0.3500881791
-10.2413902283,-14.0794038773,-3.0745384693
2.4742786884,-6.5761313438,1.9254230261
-0.3530639708,1.4661691189,-0.5164149404
-2.9421544075,-12.9446496964,-0.533246696
-2.8897540569,11.5406770706,-2.5414378643
1.3133485317,-9.6088371277,-1.7077330351
-10.022772789,-10.9284162521,-0.0665838793
1.6590566635,-2.368721962,1.7170892954
-6.152027607,13.5416183472,2.9337663651
-5.8992414474,-1.71862185,3.0587615967
-3.0467295647,-13.4376487732,-3.0160636902
-2.6457688808,11.2251396179,-1.01658535
-11.8378658295,-14.1483192444,3.0086483955
-11.4751434326,5.7364449501,1.35841465
-2.759114027,9.449842453,3.0337657928
0.9324107766,-2.5292394161,-2.0080738068
-9.0588340759,11.1709976196,0.675424397
-1.9797279835,13.5365600586,-0.4412398338
-11.1923513412,-13.3446340561,2.4004602432
-8.9807910919,11.2335224152,0.675424397
-0.604985714,10.540345192,0.0919826627
-10.0049514771,10.2889347076,0.9837590456
-4.4608631134,0.7140430808,-2.6581044197
-9.2396564484,-1.6640976667,2.8086447716
-0.212430045,-6.5393190384,2.3084189892
-1.2156070471,-12.2926225662,-0.9662401676
1.5041288137,13.1637554169,1.9253123999
-2.3751573563,-10.4523992538,-2.6914060116
-0.9263261557,13.4753293991,-3.1161897182
1.5727109909,-7.7265949249,-1.7077330351
-0.9263261557,13.4753293991,-3.1161916256
-4.903526783,-1.6450693607,-3.0327579975
-0.9263261557,13.4753293991,-3.1161913872
-3.7196455002,-1.3740205765,-2.9995441437
-9.4345760345,13.61079216,-3.1327488422
-4.1850752831,1.7927808762,0.1835811138
-1.4418946505,9.9348449707,-0.4165846109
-3.2596652508,-11.3167648315,0.1087581739
-6.3963418007,-10.5347566605,0.0669775084
-0.9263261557,13.4753293991,-3.1162011623
-0.9263261557,13.4753293991,-3.1161937714
-11.4723176956,8.5433244705,-0.6744111776
0.3182855546,-10.9495544434,1.8000854254
-11.1119232178,7.3970708847,1.2834143639
-8.9986763,-10.8534326553,2.0335986614
-4.1526355743,13.0400886536,-0.4415862858
-4.3723258972,0.7605300546,-2.6581044197
-11.1654682159,-9.774061203,-2.9495842457
1.4713149071,12.4698257446,1.3253132105
-9.6203041077,-14.1035833359,-0.2329117209
-5.8645672798,13.4567775726,2.7837660313
-12.6041345596,10.5279827118,-1.6244131327
-6.387629509,-1.6177656651,2.8087623119
-3.5483562946,-0.4475426376,0.8172668815
-12.4915008545,9.7413272858,-1.2244118452
0.1684298217,13.6134471893,-2.7160909176
-10.331281662,-1.1704490185,2.5503118038
-8.2319250107,-11.3399810791,-0.9328773618
-13.2612123489,-10.9034643173,0.1250805557
-10.2476177216,5.0547575951,1.5920937061
-1.0557643175,12.6547250748,-1.0912381411
2.4369790554,12.054942131,1.6667474508
-5.3598842621,-10.3142328262,2.7251155376
-12.5490913391,9.9327688217,-1.3244130611
-3.5521626472,13.7242593765,0.0004253181
-3.8914120197,12.8931407928,-0.5915863514
-0.7576439381,-6.1045069695,2.566753149
1.6299028397,-2.1708593369,1.7170892954
-11.2092580795,-13.2717132568,-0.5995787382
-4.2961502075,-1.5352056026,-2.7995436192
-12.6074123383,10.4280471802,-1.5744132996
-2.1648547649,13.6120243073,-0.3412400484
2.4912555218,-8.83365345,1.4170926809
-5.9986948967,-1.7082750797,3.0087616444
-2.8005621433,10.6408395767,-0.1996863037
-12.2641048431,-11.5577106476,0.8586442471
-10.3667545319,2.1349852085,-1.074403882
-0.9263261557,13.4753293991,-3.1161880493
-9.5095119476,0.5522329807,-1.074403882
-9.6050481796,10.7332162857,0.6837577224
0.8409202099,14.291270256,-3.033105135
-10.6743450165,4.8835058212,-1.5577397346
-4.8925538063,-12.3332529068,0.1584186107
-4.4845657349,-1.6022894382,-2.7995436192
-0.9263261557,13.4753293991,-3.1162006855
0.552672863,0.4309053123,-1.0914126635
-9.0005474091,-0.1841191798,-0.7577371001
-2.3721077442,-1.2969661951,-2.6160929203
-8.1223182678,11.921295166,0.675424397
-1.3339506388,-0.6951130629,-2.6244261265
-3.5204999447,-1.3564740419,-3.0995442867
-8.2516517639,-1.7835744619,3.1086437702
-0.9263261557,13.4753293991,-3.1162028313
-8.2966375351,0.0034489646,2.7834172249
-1.1452919245,13.4622859955,-2.2914376259
-11.2046461105,-13.3333816528,2.2504603863
-10.7212400436,-10.8818330765,-0.0665845051
-8.0396652222,-13.421877861,-2.232872963
-7.7321033478,12.2339191437,0.675424397
0.030226605,-9.6882152557,1.5584181547
-4.8150119781,0.5280951858,-2.6581044197
1.7334816456,11.3310279846,1.6337593794
-9.7214679718,1.6280260086,2.0420963764
-3.1484570503,11.3893356323,-2.6914377213
-4.0018625259,-12.3889169693,-0.2915804684
-0.4291939437,-6.3323273659,2.4584195614
0.5222001076,9.7681045532,0.2834176421
-0.9263261557,13.4753293991,-3.1161990166
-2.9602890015,-11.2991552353,0.0004250381
1.8100556135,-1.8617327213,-1.4993999004
-8.9264993668,-0.2513121963,-0.707736969
-1.9950404167,12.4784793854,-2.2831044197
0.2298555225,-12.1283283234,1.200086236
-4.6341485977,-13.637966156,-3.0160636902
-13.3017787933,-12.8511972427,-1.4830658436
-0.9263261557,13.4753293991,-3.1161839962
-12.8499889374,7.5222678185,1.3003129959
-7.9423384666,-0.710918963,-0.1577365696
-1.4461196661,-3.2375731468,1.6753072739
-0.1765681952,13.494383812,-3.1162047386
-11.4075279236,12.9921150208,-2.7497673035
-7.8589830399,-9.6764984131,3.050116539
-10.6066646576,-13.6276321411,-0.5245786905
-4.7395582199,11.815030098,-0.7496884465
-1.3623664379,-6.991973877,-1.5580745935
-2.5405147076,11.0550804138,-1.01658535
-0.9263261557,13.4753293991,-3.116196394
-7.5222206116,-0.1954418868,2.9084157944
-9.9381332397,1.3436090946,-1.074403882
-0.5910493135,-0.7729790807,1.4667475224
-1.3619732857,-3.0122318268,0.9834184051
-11.5898609161,10.7464227676,0.8669774532
0.019463947,-0.4725326002,2.9587578773
-7.6178994179,-11.5677251816,-0.5082497597
-4.7001614571,-10.4209451675,0.0669775084
-1.1664944887,1.74173522,0.1255957037
-2.8979449272,10.663523674,-0.2496865392
-1.7944492102,-4.702981472,1.7584209442
-1.6326259375,9.8393754959,-2.3494198322
-10.2200193405,-13.8287601471,2.9504592419
-4.1832475662,10.281703949,2.1837668419
1.8730254173,-5.5472106934,-1.7077330351
-6.8479866982,13.5673742294,-2.9994182587
-4.9907894135,-12.3519001007,0.2084183693
-3.196577549,1.7340210676,-0.258084625
-0.1035567224,1.3001027107,-0.6664143205
-10.6769542694,5.0834913254,-1.5577397346
-12.2294120789,9.7368326187,1.216979146
-11.1976881027,3.1927695274,1.8167499304
-1.3233013153,0.9994223714,2.466745615
-1.0256240368,11.6877708435,-1.6410887241
-7.1638555527,12.6402015686,0.4754242897
-1.1018635035,-6.5195841789,1.6753072739
-5.1978855133,13.3765573502,0.3504243791
-13.2909450531,-12.9505977631,-1.4330668449
-4.3793692589,1.7456974983,0.2835809886
-1.1093170643,1.7102943659,-0.1164159998
-0.2699894905,9.7051753998,-0.1165832505
-8.0773096085,12.8239955902,2.7167494297
-1.3377096653,-6.0923256874,-1.5997408628
-9.8221931458,-13.8634443283,-3.1327266693
0.7133826017,9.8268260956,0.3000842035
-9.3404426575,-10.3630180359,2.333599329
-6.9454236031,-0.7860609889,-0.0660686418
-8.1556377411,-0.1778939813,2.3754296303
0.827221632,13.7820158005,2.8670930862
-9.8656311035,12.0663423538,0.2586423755
-13.3376464844,10.1211929321,-1.4664336443
-6.868449688,-9.8102741241,2.9834496975
-7.7594022751,-9.6856307983,3.050116539
-5.7889213562,0.0167380944,-2.6581044197
0.949786067,11.5112810135,0.9419811368
-4.7046942711,-1.623483777,-3.0410914421
-8.0396652222,-13.421877861,-2.1828727722
-3.352162838,13.7243394852,0.0004255206
1.7501695156,-6.4387769699,-1.7077330351
-11.2046461105,-13.3333816528,2.3504602909
-2.5594849586,9.439119339,3.1337654591
0.114623785,-12.9739742279,-2.766067028
-13.2140464783,11.1031627655,-1.941434145
-12.8820323944,7.7886033058,-0.9997635484
-9.0662651062,-12.1399269104,1.2086030245
-8.2932548523,-10.5560312271,-0.0496897325
-11.619269371,-10.8219404221,-0.0665853098
-3.1437618732,-10.6573286057,-3.0164055824
-13.0904865265,6.6549830437,1.3003129959
-6.1475119591,-0.8427519202,-0.1327345073
-6.1954298019,-1.6727467775,2.9087622166
1.7022262812,-0.3656212389,-1.4743999243
-10.7963085175,7.5735659599,-1.2660769224
-11.9839849472,-0.1343065202,-0.8247544765
-5.0545606613,12.8882379532,2.2837648392
1.736905694,11.1311388016,1.5420928001
2.475946188,-8.9324731827,1.4170926809
-0.9263261557,13.4753293991,-3.1161856651
-0.9263261557,13.4753293991,-3.1161999702
1.1101799011,-1.855874896,-1.6580764055
-10.6821727753,5.4834623337,-1.5577397346
-14.1437711716,0.3746788502,2.5836484432
-10.0522623062,-13.8229522705,0.6002725959
-10.1903715134,9.935256958,1.1837592125
-0.4707723856,1.7102408409,-0.2244036347
-1.2269610167,-5.1030030251,-1.8830736876
1.5041288137,13.1637554169,1.8753120899
-11.3217315674,-12.9864521027,1.6004558802
-1.3290278912,-5.792450428,-1.5997408628
-0.9263261557,13.4753293991,-3.1161983013
-11.1634235382,11.1680316925,0.758643806
-2.7286787033,0.9160606861,0.8589311838
-6.3761148453,-9.8965158463,2.9001157284
-10.7676744461,-9.7390289307,3.1336004734
-6.3402285576,-14.1772289276,0.3337591887
-13.3043451309,-12.5514888763,-1.6330657005
-12.5644521713,10.8250646591,-1.7744141817
-7.3630027771,-0.9406075478,2.3754296303
-0.9263261557,13.4753293991,-3.1162006855
-4.5476641655,11.304942131,1.6421005726
-6.1848711967,-9.9547595978,2.8001158237
-8.4438686371,0.0994561985,2.3754296303
1.3155076504,-11.593963623,-1.8160676956
-11.4545640945,-10.9885139465,0.3586427569
1.4935891628,12.5673027039,1.375312686
-1.1227275133,-6.3206744194,1.6753072739
2.3381621838,-9.8218507767,1.4170926809
-12.6468763351,1.8048558235,-1.5414253473
-0.4777257442,13.150847435,-2.3160908222
-13.2612123489,-10.9034643173,0.1250805557
-13.5714817047,4.9204134941,1.3003129959
-3.6052553654,-1.6358550787,3.1170930862
1.6444797516,-2.2697906494,1.7170892954
-1.2664606571,-8.8876619339,-1.6914083958
1.9812535048,-4.2556157112,-1.4993999004
-6.9140291214,-0.9838444591,0.6419161558
-1.957836628,-10.1793699265,-2.4414050579
-0.9263261557,13.4753293991,-3.1161937714
-7.5760173798,12.3589687347,0.675424397
-4.1077528,-0.8623883128,0.4672672451
1.6682655811,-7.0331544876,-1.7077330351
-3.6873557568,1.8240531683,-0.0664184019
-12.9511127472,-13.6090145111,-0.7330636978
-11.3085803986,11.0304393768,0.758643806
-0.7706914544,13.7914943695,-2.541437149
-13.3309841156,5.7876982689,1.3003129959
-9.0711431503,-0.113309294,-0.807737112
0.3015664518,-7.9112925529,1.5584168434
-13.1316518784,11.2853116989,-2.0414352417
-8.2293109894,-1.3780950308,0.0085826796
2.4453275204,-9.130112648,1.4170926809
-4.3365049362,-13.6004066467,-3.0160636902
-8.7392129898,0.2332998663,2.5334174633
0.3232706785,13.5070867538,-3.1162052155
1.5934768915,12.7209949493,1.8670902252
-0.9263261557,13.4753293991,-3.1161944866
-11.8497962952,12.0009641647,-2.3494157791
-0.9263261557,13.4753293991,-3.1161983013
-5.5671639442,-0.9912967086,-0.2827339172
1.7244566679,-0.6647894979,-1.4993999004
-0.9263261557,13.4753293991,-3.1161887646
-2.7490901947,-13.4000892639,-3.0160636902
1.8047721386,-6.0425252914,-1.7077330351
-4.4524350166,10.8154172897,1.8837656975
-1.0046153069,10.5402183533,-0.0413510166
1.0849915743,-0.9568005204,-1.5080761909
-11.4197072983,-10.8352499008,-0.066585131
-0.9263261557,13.4753293991,-3.1162016392
-2.6498770714,-13.3875694275,-3.0160636902
-11.0772399902,12.784031868,-2.3494157791
-4.7818636894,-12.3313875198,1.0587576628
-10.2795419693,6.5544242859,1.5920937061
-13.3224096298,10.7188091278,-1.7414323092
-2.421492815,1.4367985725,3.0667464733
-9.7684555054,12.0898971558,0.2086425275
-8.5259084702,-14.1990737915,-0.0579098314
-8.8362321854,13.568775177,3.0587692261
-0.9713640809,12.4734773636,-1.166238308
1.0314507484,0.9369007349,-0.7244030833
-8.1684093475,12.0556545258,0.5834118128
1.369405508,-1.4200605154,2.1087563038
0.2682786584,-7.5133471489,1.7584186792
-5.9771790504,-14.0109071732,0.5337592363
-11.5812950134,-12.9396104813,-0.8495794535
-0.9263261557,13.4753293991,-3.1161837578
-1.7446258068,-9.9687213898,-2.2914049625
-12.6399965286,3.1024279594,-1.7497589588
-6.9821038246,12.7234659195,0.3754246235
-10.9040050507,-11.9491701126,0.9004534483
-1.2008141279,10.5064964294,-1.9494194984
-8.6574163437,-10.9201383591,-0.6328788996
-12.2544202805,4.0192317963,-2.0664269924
-6.0970158577,-10.5146722794,0.0669775084
-10.0939254761,1.2602255344,2.4917507172
1.4498550892,-8.6181793213,-1.7077330351
-0.9263261557,13.4753293991,-3.116202116
-12.3181152344,-10.789932251,0.0500807241
-13.2612123489,-10.9034643173,0.1250805557
1.3708142042,10.0637521744,0.4834172726
-12.440659523,-13.918463707,2.2586488724
-12.5386457443,-11.9740362167,1.1086455584
1.7203575373,10.9319076538,0.4420972168
-9.1385269165,0.5341521502,2.4917507172
-5.3440284729,11.587518692,2.7167494297
-5.3434638977,13.1639270782,2.4837653637
-4.5294528008,13.1722888947,-0.2415864617
-0.6737158298,-6.1588778496,2.566753149
-1.8635189533,-9.3978719711,0.8253108263
0.2344104052,-10.6616268158,1.8750844002
-8.82006073,0.2921282053,2.4917507172
-8.6744174957,12.1983194351,0.0836431608
-6.9958281517,-1.0413504839,0.5919161439
-10.6753292084,-10.8164558411,0.1336432248
-3.8368766308,-11.4721240997,0.4087575972
0.9044445753,9.8859462738,0.3000842035
-1.4205271006,-0.7451571226,-2.6160929203
-0.6672739983,9.751707077,-0.1165835857
-10.6539669037,11.6480693817,0.7086434364
-10.0834035873,-9.8686151505,2.7835998535
-10.5670213699,2.5919246674,-1.2744055986
-13.2647075653,9.4250087738,-1.4664336443
-11.7808647156,-14.1207447052,-0.0913955197
-8.924164772,-11.5591993332,1.4836008549
-4.0388612747,-13.5628471375,-3.0160636902
-11.2810707092,-0.2875766158,2.5169796944
-11.2226829529,13.0684928894,-2.7497673035
-9.7235412598,-10.949763298,-0.1082502753
-12.440659523,-13.918463707,2.5586485863
-3.5056583881,-10.3170461655,0.2253111005
-7.9269132614,-14.2337837219,-0.0579090267
-13.0617675781,8.1452026367,-1.1997652054
-12.6162805557,-10.8223829269,0.1250805557
1.5109637976,12.6657714844,1.4253120422
-0.9263261557,13.4753293991,-3.1161968708
-10.4745664597,13.3491153717,-2.9081010818
1.6136629581,-7.4294061661,-1.7077330351
1.9170542955,-3.3579118252,-1.4993999004
-10.1259832382,2.8604741096,1.717094183
-5.7619585991,0.5152240396,0.9752485156
-11.3181438446,-12.9533128738,1.4504567385
1.9932975769,13.6863079071,2.0500786304
-7.4420795441,-1.2639752626,0.3419162929
-0.5753343701,11.7796220779,-1.007904768
-2.8054089546,1.6527020931,-0.1080841795
-3.2451558113,-13.462688446,-3.0160636902
-5.6813793182,13.3767232895,2.6837658882
-1.2583435774,-5.0277609825,1.6753072739
-2.4543406963,13.6896743774,-0.1912402362
-11.3223657608,-9.9500360489,-2.9163999557
-1.6200664043,10.0255184174,-0.5165845752
-12.5989751816,10.2283067703,-1.4744144678
-5.874150753,0.3496559262,0.9752485156
-11.5137205124,-13.0133123398,-0.7995792627
-10.2715053558,1.9591238499,-1.074403882
-10.4771175385,-10.7898025513,0.1336432397
0.3275133073,9.7226734161,0.1834173352
-6.3467373848,-0.8256739974,-0.0660681054
-0.9263261557,13.4753293991,-3.116194725
-4.282810688,1.7716683149,0.2335809618
-1.2044448853,10.5484809875,-0.0413511954
-2.5854403973,11.7992553711,-2.3414373398
0.351334095,14.1919345856,-2.9081044197
-11.6096553802,-9.9136610031,-2.5495841503
-7.4520764351,-1.8099302053,3.1086435318
-11.2046461105,-13.3333816528,2.0504596233
-14.3605775833,0.5296035409,1.9836484194
-1.0141705275,-7.5151553154,1.5503071547
-10.4218969345,-10.9017972946,-0.0665842369
-5.5262470245,11.6699504852,2.7167494297
-0.9263261557,13.4753293991,-3.1162016392
-4.9660487175,-1.735449791,-2.90787673
-0.1844609827,-13.1497859955,-0.1412378401
2.1850688457,-10.8100481033,1.4170926809
-0.5778811574,-0.450420171,-3.0244266987
-13.2612123489,-10.9034643173,0.1250805557
-2.9521632195,13.7244997025,0.0004259257
1.7146053314,11.6304397583,1.6337593794
-1.8030598164,13.4429893494,-0.5412397981
-0.9263261557,13.4753293991,-3.1162030697
-11.1673641205,-10.9026250839,0.2419757247
-1.1019271612,-12.4571771622,-0.9662401676
-5.9831085205,12.3947515488,-0.091356501
-7.6676650047,12.3861856461,0.5834118128
-13.8386974335,3.9567644596,1.3003129959
-1.3522211313,-9.277680397,-1.8914058208
-7.98539114,-11.7734794617,-1.1828767061
-13.1985197067,-13.3390893936,-1.2330652475
2.2947053909,12.8393917084,1.8834130764
-7.8997707367,-13.0478506088,-1.8328735828
-0.9263261557,13.4753293991,-3.1161923409
-7.9850654602,-11.4107313156,-0.3082498014
-3.1250915527,0.2256052494,1.1589323282
-11.2632007599,-9.7951831818,-2.8995842934
-0.9263261557,13.4753293991,-3.1162018776
-9.2149200439,11.0459480286,0.675424397
0.2137928009,-0.5194709897,2.8587574959
-10.3199853897,8.4540014267,1.5920937061
-8.3515987396,-1.780279994,3.1086437702
-0.9263261557,13.4753293991,-3.1161968708
1.7638201714,-6.3397140503,-1.7077330351
-9.5178518295,-1.5520287752,2.7419781685
-1.8390495777,-13.3852052689,-0.0999124274
0.7553730607,-0.7724556327,2.5587575436
1.4669554234,0.393433243,-1.0744020939
-2.5455334187,-1.3965703249,-2.6494262218
-1.7474061251,1.26179111,2.716745615
-5.2576980591,0.2956603169,-2.6581044197
-3.6928358078,-0.5857185125,0.7172671556
-6.4352097511,-0.2452354133,-2.9247710705
-11.7724084854,-12.7083692551,-0.8829125166
-4.7376470566,12.3814077377,1.983766675
0.4688884616,-12.7896785736,-2.5660672188
-10.4365243912,-9.7911272049,-2.9664001465
-9.371006012,10.9208984375,0.675424397
-12.7446918488,-12.8423538208,1.5586476326
-13.1985197067,-13.3390893936,-1.0830643177
2.0963640213,-5.3366613388,1.7170892954
-1.472186327,13.0839500427,-2.2831044197
-11.1217985153,-0.8144359589,-0.6330872774
-12.3019762039,3.9312651157,-2.0664269924
-7.4350605011,-0.8712699413,2.3754296303
-7.1662139893,12.4118366241,2.7167494297
0.3089552522,-0.5501643419,2.8087573051
-2.6594336033,9.4419851303,3.0837657452
-1.0925842524,10.8908853531,-1.7494214773
1.3732796907,-11.0986213684,-1.5660685301
-9.9330539703,2.1886796951,1.8920953274
-11.5383834839,5.4431872368,1.35841465
-9.901473999,2.09379673,1.8920953274
1.8742548227,-2.7594401836,-1.4993999004
-12.5872812271,10.1290025711,-1.4244143963
-8.4288978577,-11.114074707,-0.7828782201
-3.5754907131,1.1789141893,-2.6581044197
-1.8393458128,1.3010983467,2.7667455673
-6.8884754181,12.7585763931,0.3504243791
-10.2106933594,3.555311203,1.6587609053
1.7374895811,-12.3267679214,0.958761394
-11.9754285812,-11.2817869186,0.6586432457
1.6273136139,-7.3303432465,-1.7077330351
1.7774708271,-6.2406511307,-1.7077330351
1.2412893772,0.7228921056,-0.8744028807
-5.4347724915,0.2026862651,-2.6581044197
-5.1606097221,-1.781768322,-2.90787673
-14.0524730682,3.1858561039,1.3003129959
-1.9263058901,-2.0533819199,2.2836389542
-1.152294755,-8.1977558136,1.2003098726
-1.0537192822,11.2887611389,-1.6410887241
-8.0389871597,13.50258255,3.0587685108
-2.8089196682,11.5995311737,-2.4914376736
1.8930764198,13.859290123,2.1500785351
2.1689968109,-5.729683876,1.8337554932
0.827221632,13.7820158005,-3.1160914898
-12.5666542053,7.4018545151,-0.8164297938
-4.0631475449,12.9954814911,-0.4915863276
0.4024647772,-0.5855754614,2.7587573528
-10.0277938843,2.4733285904,1.8920953274
-12.0314207077,6.8080163002,-0.9497629404
-10.298699379,7.4542303085,1.5920937061
-7.1522679329,12.6915102005,0.4084116518
1.5372519493,-1.7824083567,1.9087558985
-0.0745263398,-13.0386972427,-2.8660671711
-3.358705759,-11.3305130005,0.1587580144
-9.3884353638,13.3032560349,2.8834161758
-9.2270774841,-1.3371704817,-0.108084932
1.9099210501,-3.2581665516,-1.4993999004
-8.8254060745,-14.1817188263,-0.0579103231
0.5064787865,10.9364414215,-0.3079036474
-1.8110493422,-4.6043796539,1.7084202766
2.6631705761,-7.2478904724,1.6920930147
-1.4698780775,-3.0390205383,1.73364079
-9.5711841583,12.1223020554,0.1086428836
-3.3443689346,-13.4752082825,-3.0160636902
-2.4060926437,1.6476718187,0.0752495229
-0.4273895025,-12.9931135178,0.6500877142
1.2739989758,-10.3055410385,-1.466067791
-10.5767116547,11.7115478516,0.6586432457
0.2642846107,1.4023314714,-0.4827370048
1.4623875618,13.1912794113,2.575312376
-1.7648181915,-3.8110449314,1.3084198236
-8.5747680664,12.2066736221,0.0836431608
0.4622335434,-3.1699028015,-2.4080750942
-10.7944145203,1.963299036,2.1167516708
1.7319412231,-2.8633785248,1.7170892954
-3.6357967854,10.9693574905,-0.4330199063
-6.2469658852,-0.8324146867,-0.082734704
-12.1933822632,-11.9212779999,-1.2995814085
-4.6674456596,12.1942214966,1.8837664127
-0.0861869603,-6.6943335533,2.2084190845
1.1963809729,10.8412828445,0.0420970581
-1.7465802431,-4.8970837593,1.8584215641
-10.5106811523,-1.1490498781,-0.3247528672
2.2567727566,10.9837675095,1.1334154606
-10.2389717102,11.924618721,0.458642751
-1.7972381115,-9.3230066299,0.875311017
-12.7198486328,-12.5436649323,1.4086467028
-0.9263261557,13.4753293991,-3.1161932945
-14.2395267487,2.5113112926,1.3003129959
-1.4270384312,-8.7306156158,1.0669772625
2.29722929,11.0752067566,1.1834157705
1.9527205229,-3.8566381931,-1.4993999004
-4.0385899544,-10.7433986664,3.100114584
-7.8353896141,-12.4535722733,-1.5328741074
-10.0081262589,10.6126689911,1.1500805616
-6.801776886,12.2469730377,2.7167494297
-8.1684217453,12.8652114868,2.7167494297
-7.4443287849,-0.7530501485,-0.0660690889
-8.9545316696,-9.5781173706,3.1001164913
-10.6860866547,5.7834405899,-1.5577397346
1.444196701,12.3735837936,1.2753136158
-2.0072259903,1.677744031,0.0752498806
-13.9455852509,3.5713102818,1.3003129959
0.3547214866,13.6859893799,-2.8160908222
1.6498763561,-0.070508711,-1.3244005442
-1.3094531298,-7.7901439667,-1.4997411966
-11.6812839508,-14.1298713684,-0.0913954303
-6.8694643974,12.7907791138,0.2667451501
-1.2668553591,-8.3886241913,-1.4997411966
-7.3363871574,12.5392074585,0.5754246712
-11.06108284,8.1094808578,-0.9660779238
1.7203575373,10.9319076538,1.2420939207
-4.9035491943,0.481608212,-2.6581044197
0.0145471469,-13.1688289642,-0.0412375964
-8.0396652222,-13.421877861,-2.1328725815
-1.0914314985,-6.6190390587,1.6753072739
-6.0528225899,-1.8560450077,3.1086428165
-7.2416729927,13.4967107773,-2.9827508926
-6.3229193687,-0.3126170635,0.9752485156
-5.0992627144,-10.4477243423,0.0669775084
1.5590603352,-7.8256578445,-1.7077330351
-12.4191093445,12.3703336716,-2.3081018925
-0.7947322726,-12.8506555557,-0.7912397981
1.5317590237,-8.0237846375,-1.7077330351
2.125929594,-5.5344605446,1.7337555885
-10.1752166748,3.2574241161,1.6920942068
-12.2724761963,0.2724784911,-1.0747554302
-3.066785574,11.9053764343,-1.01658535
-13.2612123489,-10.9034643173,0.1250805557
-6.7486343384,13.5786504745,-3.0494184494
-8.2382974625,13.5191307068,3.0587687492
1.5041288137,13.1637554169,1.8253116608
-10.2540035248,5.3546929359,1.5920937061
-13.6783695221,4.5349535942,1.3003129959
-6.3222947121,-13.8324022293,-3.1327302456
1.8528550863,-2.4602043629,-1.4993999004
1.5241568089,12.9648447037,1.625312686
0.3090445995,-3.2984359264,-2.458075285
-1.4097247124,13.1364116669,-0.7912388444
-3.5174357891,9.687461853,2.6337664127
-3.8178992271,11.1973247528,-3.0414373875
2.3701059818,-6.2947955132,1.9254230261
-3.9296395779,0.9929649234,-2.6581044197
-12.444521904,3.6673002243,-2.0497603416
0.4254247248,9.7429552078,0.2334175408
-7.6598215103,-9.6947631836,3.050116539
-12.2927284241,7.110373497,-0.8164297938
-4.2372903824,-13.5878868103,-3.0160636902
-13.1985197067,-13.3390893936,-1.1330647469
2.3947958946,12.4526510239,1.7334140539
-7.8141050339,-0.1261211038,2.9084165096
-7.2280855179,-14.2742786407,-0.0579082519
-4.6760306358,-12.161781311,0.9587570429
1.1987074614,13.333773613,2.725312233
-1.6390938759,-5.176867485,2.0084218979
-6.7595582008,-0.8569370508,0.7419156432
-8.9701623917,-10.913690567,1.8836001158
-9.9055480957,-14.0115566254,-0.3829115629
-12.012011528,8.9886550903,-0.7744114995
-1.7041727304,-3.6205482483,1.208419323
-12.7163791656,8.0040922165,1.3003129959
-4.8770618439,12.646730423,2.1337654591
-3.5827715397,12.6397438049,-0.7915866375
-8.8737163544,12.1816110611,0.0836431608
-0.9632539153,-13.1747322083,-3.0160655975
-8.8510351181,-11.1656227112,-0.2749163806
-3.2772939205,12.2454948425,-1.01658535
-0.8163667321,0.3874316216,2.0667455196
-3.6499817371,-11.4011526108,0.3087576628
-0.2783778608,-0.4390337765,3.1087582111
-5.224009037,-13.2282581329,1.0837581158
-10.3114709854,8.0540990829,1.5920937061
-12.6644887924,2.4045977592,-1.5414253473
-12.2999944687,0.0887294188,3.0669806004
-7.0452046394,-0.7794588208,-0.0660687312
1.7203575373,10.9319076538,1.3420940638
-12.440659523,-13.918463707,2.2086489201
0.1168796271,-7.0381832123,2.0084187984
-2.2600150108,13.6427230835,-0.2912401259
-5.2733621597,-13.3152189255,1.033757925
-2.0713479519,13.5766067505,-0.3912400007
-14.3731365204,2.0294935703,1.3003129959
1.0641191006,-1.0257226229,2.3587565422
-3.6420083046,-13.5127677917,-3.0160636902
-7.6939940453,-10.5858316422,-0.049689468
-10.4999332428,2.4036009312,-1.1744047403
-4.5349340439,-13.6254463196,-3.0160636902
0.6372404695,11.1218509674,0.7919813991
-0.3092299104,10.5889282227,0.24198322
-10.6878538132,-14.107635498,0.2502723038
-12.4887123108,-10.68019104,-2.3497347832
1.5264065266,12.9093255997,1.9670897722
-0.9263261557,13.4753293991,-3.1161971092
-0.9263261557,13.4753293991,-3.116189003
-10.5681428909,-9.7514476776,3.0336003304
-9.3532772064,-9.599814415,-2.9830682278
-8.3718109131,0.0301186442,2.3754296303
-0.9263261557,13.4753293991,-3.1161880493
1.7228682041,-6.6369028091,-1.7077330351
-13.2334480286,9.1266441345,-1.4664336443
1.7203575373,10.9319076538,0.6420972943
-10.6626033783,3.983571291,-1.5577397346
-0.9263261557,13.4753293991,-3.1161849499
-8.0267457962,-14.2279987335,-0.0579091609
-9.5225553513,-14.124630928,-0.1829115897
-7.8396720886,13.486035347,3.0587685108
-13.2751274109,9.5244636536,-1.4664336443
-11.8274068832,10.4247293472,0.9503111839
-10.3173122406,-11.408413887,0.6837855577
-12.7965450287,7.7149977684,1.3003129959
1.702021122,11.8300476074,1.6337593794
1.9950231314,-4.5551719666,-1.5910662413
-12.440659523,-13.918463707,2.3086488247
-11.6587629318,5.7877531052,-1.4997603893
1.3534808159,-11.3976860046,-1.716068387
-12.3174800873,0.3617674112,-1.1247559786
-7.3279180527,-14.2684936523,-0.0579083413
-2.2864375114,-10.4062843323,-2.6414060593
-10.740026474,1.8793948889,2.1667513847
2.2922341824,-10.1183099747,1.4170926809
-2.4525508881,11.9486808777,-2.2831044197
-4.2948460579,-12.3257303238,-0.1415808052
-7.1449856758,-0.7728566527,-0.0660688207
2.1624135971,10.807518959,1.0334162712
-8.6222114563,-13.8528013229,-3.1327278614
-10.3306283951,8.9538793564,1.5920937061
1.3623657227,0.5638089776,-0.9744027853
-6.1942286491,12.9753093719,0.2667452693
-13.1706523895,6.3658881187,1.3003129959
-4.7754840851,-1.0602673292,0.1172669381
-1.4397181273,-13.3868341446,0.1000878438
-2.0122025013,1.4484086037,0.4422629476
-1.1957515478,-5.6244902611,1.6753072739
-0.8657702804,0.4743641615,2.116745472
-13.1985197067,-13.3390893936,-0.9830645919
-8.1377849579,-0.6688720584,-0.2577370703
-1.2107546329,13.3866920471,-2.2831044197
-12.0476474762,-10.2748193741,-2.5164010525
-6.6185278893,-0.7152422071,0.8419152498
0.0668293983,-10.0858697891,1.7584176064
2.399399519,-9.426571846,1.4170926809
2.3353817463,-6.2010169029,1.9254230261
-4.4341654778,-10.6887378693,2.9001152515
-11.3679542542,-13.1501312256,-0.6995788813
-10.6044740677,-1.1143957376,-0.374753058
-13.1973743439,6.2695231438,1.3003129959
-1.6800490618,-0.895650506,-2.6160929203
-0.9263261557,13.4753293991,-3.1161997318
-6.3462305069,12.0408935547,2.7167494297
-9.5851650238,-10.6698627472,0.1336432397
-3.9890401363,11.1560239792,-0.5746868849
-7.0800328255,12.3319864273,0.0836431608
-8.5879745483,0.2381121963,2.3754296303
-13.2612123489,-10.9034643173,0.1250805557
-0.9263261557,13.4753293991,-3.1161961555
1.7957891226,-1.6622421741,-1.4993999004
-13.2612123489,-10.9034643173,0.1250805557
-11.1834774017,8.2675495148,-0.8660781384
-2.3522377014,-13.3500099182,-3.0160636902
-4.1514372826,13.7073698044,0.1254248321
-2.1634399891,-9.6615304947,0.6253111959
-1.7184531689,13.3897008896,-0.59123981
-8.126578331,-14.2222137451,-0.057909295
-9.0112257004,0.6629068851,2.2587633133
-9.6487588882,-9.6516923904,-2.9664011002
-3.1219351292,-1.381264329,2.9836404324
-3.7683596611,9.8513793945,2.4837665558
-11.2504472733,8.3418006897,-0.81607759
-2.8562772274,11.5652580261,-1.01658535
-13.0103206635,6.9440779686,1.3003129959
1.3716694117,-11.198597908,-1.6160687208
-8.2937879562,-11.2614250183,-0.8828774691
-9.7476348877,0.9918863773,-1.074403882
1.5041288137,13.1637554169,2.0753121376
-9.9785757065,13.4010457993,3.1250836849
-9.425907135,-1.3155955076,-0.1080851182
-2.8470532894,-10.613694191,-2.9414060116
-2.0883204937,10.3970680237,-0.8165848255
-3.0597355366,11.4354486465,-2.6414380074
-8.751285553,-1.7650215626,3.0586440563
-7.1675305367,-1.1437489986,0.4919162989
-3.6321229935,-12.5397834778,-0.4915799201
1.9909142256,-4.6550774574,-1.6410660744
-4.1961717606,-12.3418989182,-0.1915807128
-1.7729414701,-4.8006310463,1.8084220886
0.7832891941,-0.0127351703,-1.0914126635
-7.8369717598,-12.6534833908,-1.6328749657
-1.2952538729,-7.9896373749,-1.4997411966
-7.257004261,-1.1883854866,0.4419164658
-11.3217315674,-12.9864521027,1.8004564047
-7.4609775543,-9.7159290314,3.0001163483
2.4048302174,-6.3885741234,1.9254230261
1.4225537777,-8.8163108826,-1.7077330351
-6.1734418869,-12.4314041138,-0.2165830433
-9.3527746201,-12.9919681549,1.1502716541
-10.119802475,13.4863300323,-2.7827484608
-0.0792167187,-0.456404835,3.0087580681
-4.7796754837,12.4721355438,2.0337657928
-0.663074553,-1.1662505865,1.3667492867
-0.7692961693,12.7462625504,-2.0660908222
-4.237745285,-10.7259664536,3.0001146793
-8.6928749084,-10.552822113,0.075309962
-3.0031037331,0.4996551871,1.1089321375
1.0426079035,-0.6600926518,-1.3580778837
-0.9263261557,13.4753293991,-3.1161899567
-1.0601354837,-6.917403698,1.6753072739
2.0817871094,-5.2377300262,1.7170892954
1.6884766817,10.9221763611,0.2920975983
-7.7232913971,-0.5939195156,2.3754296303
-9.5502882004,-9.6342630386,-2.9664013386
-12.3155498505,9.4495668411,1.3003129959
0.1628059447,-8.7993183136,1.3834174871
-13.2778453827,10.9136972427,-1.841432929
-0.9263261557,13.4753293991,-3.1161942482
-11.6055059433,-0.4594532251,-0.6330872774
-0.9263261557,13.4753293991,-3.116199255
-6.9975810051,-1.281640172,2.4587626457
-0.4782782197,-0.4416324496,-3.0744268894
2.0234794617,-4.842004776,1.7170892954
-1.0114881992,12.5650720596,-1.141237855
-1.3550732136,-6.6920762062,-1.5997408628
-3.9019589424,-10.3673868179,0.0669775084
1.7458564043,-0.9640253186,-1.4993999004
-3.2866251469,-12.7413110733,-0.533246696
-8.5112533569,-0.5274852514,-0.4577371776
0.2044489682,-10.5662231445,1.8750844002
-1.8039424419,-2.2114770412,2.1836385727
-3.0141584873,11.8203468323,-1.01658535
-7.8704032898,-12.1559028625,-1.3828743696
-1.6094582081,-2.5602526665,1.9836380482
-1.0037221909,11.9869613647,-1.6660887003
-4.1015095711,-10.3807764053,0.0669775084
-14.1593608856,2.800401926,1.3003129959
-4.1051049232,-1.6236063242,3.1170933247
-13.2542877197,9.325553894,-1.4664336443
-1.3088569641,1.722741127,-0.0164161809
2.509002924,-6.6699099541,1.9254230261
-12.9139413834,-10.8598051071,0.1250805557
-5.3789334297,-12.4478931427,0.1834178418
-5.4238448143,13.2233991623,2.5337655544
-7.1222596169,-13.8394975662,-3.1327292919
-8.9733657837,12.1732568741,0.0836431608
2.3006575108,-6.1072382927,1.9254230261
-9.9002285004,-9.9486999512,2.6835997105
-10.9830684662,-0.5534228683,2.3253126144
-1.2597557306,-8.4883708954,-1.4997411966
-12.6351356506,7.4747247696,-0.8164297938
0.4135674834,0.6966974735,-1.0664128065
-9.2541227341,-9.5869150162,-3.0330684185
-2.036598444,-13.3545227051,-0.1999126673
-0.9263261557,13.4753293991,-3.1161966324
-0.565954566,-4.1155719757,-2.3080751896
-6.7458615303,-0.7992653251,-0.066068463
-4.348139286,13.6716594696,0.2254244238
-2.2001328468,-10.3557920456,-2.5914056301
-11.2463827133,3.3867497444,1.8167499304
1.7465181351,-2.9623098373,1.7170892954
-11.6523084641,10.6683216095,0.9169777632
-10.6756496429,4.9834985733,-1.5577397346
-10.5527048111,1.6454246044,2.3167514801
-3.1143915653,-12.8429803848,-0.533246696
-2.9059102535,0.6743561625,1.0089313984
-10.3327569962,9.0538549423,1.5920937061
-5.8247232437,-13.7882041931,-3.0160636902
0.0764377415,-3.4878942966,-2.458075285
-8.5108108521,11.8495912552,0.458411932
-4.4467954636,11.5424547195,-0.7496884465
-0.3262895644,14.0177879333,-2.7914373875
-7.1309080124,-0.2772522867,3.0084149837
-5.3011631966,-1.6885168552,-3.0327575207
-11.0378379822,13.1448707581,-2.7497673035
-1.104465723,12.7420539856,-1.0412381887
-10.2737808228,9.8582553864,1.2417474985
-1.0102674961,1.6966139078,-0.1664158255
-5.5815620422,-13.7072820663,0.7837590575
-5.0855264664,-10.4355974197,2.7251155376
-3.4286837578,9.6414070129,2.6837663651
-13.352273941,10.420580864,-1.5914328098
-10.5969047546,8.9118862152,1.2417474985
-11.7922439575,6.3704137802,-1.1997619867
-8.7365732193,13.5605010986,3.0587692261
-10.2811956406,9.6496315002,1.3337596655
-0.2739602625,-12.864947319,0.7500876784
-10.5622224808,13.2561817169,-2.5327482224
0.4893136024,10.987370491,0.6919818521
-13.7585353851,4.2458586693,1.3003129959
-12.0500764847,-12.2940130234,-1.0995799303
-9.1442451477,-1.6940077543,2.8586444855
-10.2752847672,6.354467392,1.5920937061
-12.8767108917,7.4259028435,1.3003129959
-8.9455089569,0.5875452757,2.3087632656
2.32285285,-9.9206705093,1.4170926809
-9.2021389008,-10.770647049,0.2171193808
-0.0240554325,10.6811647415,0.391983062
1.9941337109,-4.4551858902,-1.5410660505
-9.6211862564,1.4550796747,2.1420967579
-1.491004467,-5.4374461174,2.1584210396
-14.18608284,2.7040383816,1.3003129959
-11.7654867172,-0.3394654691,-0.6747540832
-12.0928516388,-12.2036342621,-1.1495804787
-10.3922777176,13.3614730835,-2.6327483654
-0.9263261557,13.4753293991,-3.1161875725
-13.2959671021,9.7233734131,-1.4664336443
-1.7080760002,1.7002981901,0.0752501488
-12.261305809,9.6420660019,1.2669793367
-6.8160471916,-12.1629295349,-0.5665831566
1.4123022556,12.2788171768,1.2253139019
-8.4751186371,12.2150278091,0.0836431608
-14.4063329697,0.6548143625,1.8836481571
-3.9335794449,-0.7642527819,0.5672673583
-1.507034421,-0.7953215837,-2.6160929203
-10.6271133423,-11.6614217758,0.7004523873
-2.5033273697,10.6023273468,-0.0496856943
-0.1704576313,9.6956167221,-0.0665831417
-14.3196926117,2.2222206593,1.3003129959
-1.3404583931,-13.3747730255,0.1500879973
-12.74310112,7.9077277184,1.3003129959
-1.602902174,12.9325790405,-2.2831044197
-6.1640119553,11.9584617615,2.7167494297
1.5839571953,14.2293205261,2.4500787258
0.3382467031,-11.7439851761,1.4000841379
-4.5679917336,1.6794524193,0.3835810721
-2.7719242573,-10.0065135956,0.4919783175
-6.7317409515,-0.2888357639,-3.074770689
-9.1381130219,-0.0390595049,-0.8577372432
-1.9553852081,-13.2999305725,-3.0160636902
-11.3602247238,-10.9553756714,0.308642447
-1.3236523867,-7.5906505585,-1.4997411966
-13.2126083374,8.927734375,-1.4664336443
-4.1383852959,-10.7371721268,3.0501146317
0.2220296562,-7.3188529015,1.8584185839
-0.9263261557,13.4753293991,-3.1161990166
0.8926212788,-13.0094146729,0.4087630212
-7.8336811066,-12.5535478592,-1.5828745365
-1.3127214909,-5.4930195808,-1.6830739975
-7.028357029,-14.2844629288,-0.0162414107
1.6546149254,-7.1322174072,-1.7077330351
-9.0983791351,13.2266607285,2.8834161758
-8.5159263611,0.1687937379,2.3754296303
-9.3346071243,13.6087598801,3.1004364491
-11.1002988815,2.8048090935,1.8167499304
1.418112874,-1.5073851347,2.0587556362
-12.4184570313,-10.6090259552,-2.3497347832
-5.3728303909,-1.038215518,-0.1827336699
1.9455872774,-3.7568929195,-1.4993999004
-7.6512336731,-0.663257122,2.3754296303
-5.0250039101,13.2282342911,0.0084127244
-1.3492853642,-6.4921593666,-1.5997408628
-4.3942046165,-12.3145141602,-0.0915808827
1.7902488708,-3.259103775,1.7170892954
-0.784655869,-1.7538045645,1.3667492867
-0.3679890037,-13.0996208191,-3.0160665512
-2.5530202389,13.7058086395,-0.1412403733
-2.0545983315,-13.3124504089,-3.0160636902
-12.6896572113,8.1004571915,1.3003129959
-8.2573060989,-9.6399688721,3.050116539
-8.8996772766,0.3526341915,2.4917507172
-10.6430358887,13.1972990036,-2.4827480316
-1.5001350641,9.9890842438,-2.2494194508
-10.7261543274,8.5333385468,1.2417474985
-1.2089265585,1.7190073729,-0.0664160848
-11.20241642,-0.75527215,-0.6330872774
-1.1403012276,-2.6792719364,0.9834184051
-6.2425875664,-0.1917208284,-2.8247709274
-9.6427202225,-10.1020650864,2.5335996151
-11.3633823395,-0.2308065444,2.5669798851
-12.2631902695,-11.3276128769,-1.5995811224
-8.1517047882,-1.7868689299,3.1086437702
-9.8175411224,-13.6365699768,0.750271976
-12.3551197052,11.3849658966,-2.0744161606
0.3531168401,-11.1464147568,1.7000855207
1.6256643534,10.221496582,0.6334171891
-1.6394246817,-13.3960103989,8.76801714185e-05
-1.0677669048,11.0892562866,-1.6494219303
-12.5465917587,12.216337204,-2.2081022263
-14.2929706573,2.3185842037,1.3003129959
-11.9436903,10.262005806,0.9503111839
-0.9263261557,13.4753293991,-3.1161873341
-1.569989562,1.1696485281,2.6167452335
1.9345932007,-11.9794654846,1.1587605476
-0.009184408,-12.5660085678,0.9500871301
-10.2348461151,4.4548869133,1.5920937061
1.6955668926,-6.8350286484,-1.7077330351
-10.0223960876,-1.2508705854,-0.1080856547
0.7919800878,1.1171486378,-0.5744037628
-13.0370426178,6.8477129936,1.3003129959
-9.7754592896,1.0182001591,2.4917507172
-11.2306365967,-13.2719926834,1.9504580498
-3.7700734138,-0.6492192149,0.6672672629
-3.6037750244,9.7378940582,2.5837659836
-6.1485228539,-0.1578116119,-2.7747709751
-1.2146472931,12.9088668823,-0.9412384629
-4.7310671806,-12.2452611923,1.008757472
-12.0488357544,-14.1015453339,2.8086488247
-6.9949936867,-10.5749254227,0.0669775084
-12.667424202,2.5045547485,-1.5414253473
1.242186904,-12.8163547516,0.6087626219
-10.3175506592,9.4530487061,1.4337605238
-5.0025596619,1.4348032475,0.6335802078
1.6882104874,-2.5665845871,1.7170892954
-10.5358314514,2.4969239235,-1.2244048119
-8.9720258713,-10.7328147888,0.0671196952
-10.534995079,-9.8085565567,-2.9664001465
-8.6855430603,-0.4295581877,-0.5577369928
-9.2438087463,-14.0103244781,-3.0328729153
-12.0183935165,-10.7953214645,-0.0665856674
-1.1957192421,-2.7625119686,0.9834184051
-9.1397695541,-11.084186554,-0.2749163806
0.6995699406,10.8846483231,-0.2079035342
-8.7837619781,11.7251186371,0.4250788391
-7.8881893158,12.1088695526,0.675424397
-11.5248880386,-0.5186169147,-0.6330872774
-7.9936203957,-10.5709314346,-0.0496895984
-8.8491859436,-0.3147203326,-0.6577368379
-3.987051487,1.8202321529,0.0835813135
-10.2253961563,9.8416032791,1.2337595224
-10.6795635223,5.2834768295,-1.5577397346
-2.1807329655,-11.4534502029,-0.3995739222
-8.2336864471,-0.6405764818,-0.3077372313
-1.5718712807,-8.9933433533,1.0669772625
0.1474479586,-12.3104705811,1.1000868082
-3.5140039921,12.5671548843,-0.8415863514
-1.3463914394,-6.3922009468,-1.5997408628
-4.1077346802,-1.468121767,-2.7995438576
2.2117967606,10.8944635391,1.0834161043
-1.2822055817,-8.4678878784,1.0669772625
-13.2612123489,-10.9034643173,0.1250805557
1.1522730589,13.4967317581,2.3170924187
-4.5199861526,11.6105985641,-0.7496884465
-2.7057993412,1.6439889669,-0.0580840893
-13.3472366333,10.2207269669,-1.4914337397
-7.9180383682,12.2209129333,0.5834118128
-1.0115764141,11.8872756958,-1.6410887241
-11.6537256241,5.5878992081,-1.59976089
-0.9263261557,13.4753293991,-3.1161987782
-3.9160447121,-1.4113609791,-2.8995440006
-5.1618099213,11.5050868988,2.7167494297
-9.8666620255,10.8769035339,1.0000804663
-10.6978187561,6.6833629608,-1.5577397346
-10.2789058685,-10.7631492615,0.1336432397
0.0995211005,-12.3982257843,1.0500866175
-10.3325214386,1.4420744181,2.4667508602
-4.6595845222,1.6393436193,0.4335809052
-6.3824868202,12.3904657364,0.0836431608
-1.2652893066,1.7263222933,0.1755954921
-0.6806479096,11.9496469498,-1.0162383318
-3.7187445164,11.2102193832,-2.9914374352
-9.1454391479,11.5545387268,0.5000793934
1.7203575373,10.9319076538,0.9920949936
-12.6615533829,2.30464077,-1.5414253473
-3.618868351,-0.5184369087,0.7672670484
-12.5826272964,10.7267398834,-1.7244133949
-11.3217315674,-12.9864521027,1.5504561663
-2.4595179558,9.4412527084,-3.0994198322
-11.1203041077,8.1900463104,-0.9160782099
1.7203575373,10.9319076538,1.0420949459
0.8754122257,-0.190254584,-1.1080793142
-7.3445477486,-0.7596523166,-0.0660689995
-5.1747837067,-1.0654987097,-0.08273343
-11.701300621,-10.076043129,-2.7164003849
-0.8762325644,-2.142945528,1.2667502165
-8.5372629166,13.5439529419,3.0587689877
-0.9263261557,13.4753293991,-3.1161870956
-2.7917613983,0.8384811878,0.9089311957
-0.9263261557,13.4753293991,-3.1161925793
-10.9315195084,2.2298209667,1.9667510986
-11.9868917465,-10.3773450851,-2.0995845795
-5.6497664452,0.6807921529,0.9752485156
-10.1768436432,10.1421661377,1.2417474985
-0.9263261557,13.4753293991,-3.1161921024
-10.6030225754,-13.7157306671,2.750459671
-10.4030303955,9.4797077179,1.2417474985
-10.0418395996,-14.0660028458,-3.0745387077
1.7116625309,14.097869873,2.3000793457
-13.2612123489,-10.9034643173,0.1250805557
-12.7663841248,7.6255311966,-0.8997631669
-11.5581016541,5.345158577,1.391748786
-13.1459980011,-11.6666078568,-1.8663996458
-10.2091560364,10.0475292206,1.2417474985
-6.4814305305,-1.5831353664,2.7587621212
-0.3693106174,9.7168083191,-0.1165833101
-10.0810070038,1.6074011326,-1.074403882
-13.2544527054,-13.1471538544,-1.3330661058
-0.9263261557,13.4753293991,-3.1162006855
-0.6648937464,12.9167547226,-2.1660912037
-8.5930337906,-10.5473775864,0.0253100693
2.0380563736,-4.9409360886,1.7170892954
-9.9646339417,2.2835626602,1.8920953274
-9.996213913,2.3784456253,1.8920953274
-3.4268712997,11.2783508301,-2.8414378166
-11.0516042709,2.6108288765,1.8167499304
-2.0003204346,-11.5395793915,-0.4995740354
-9.3869533539,-10.6432094574,0.1336432397
-1.4088387489,1.7214663029,0.0335837193
-9.4110212326,-10.2921886444,2.3835992813
-11.9694280624,-14.1268024445,2.858648777
-4.9321761131,12.7301588058,2.1837654114
-12.6193351746,3.2002604008,-1.7997592688
-10.8554039001,8.1547908783,1.2417474985
-8.3931331635,-10.5510644913,-0.0496897772
-2.4647026062,-1.6116241217,2.6336400509
-7.2634539604,-9.7472858429,2.9834496975
-10.232717514,4.3549084663,1.5920937061
-0.3783605099,-0.4378338158,-3.1244268417
-9.3947439194,-10.82421875,0.3171190023
-6.6956677437,-10.5548410416,0.0669775084
-10.6639080048,4.0835638046,-1.5577397346
-0.5898637176,-6.2133646011,2.5584199429
2.0672101974,-5.1387987137,1.7170892954
-11.5688667297,12.2857160568,-2.3494157791
-12.7331066132,-12.6427717209,1.4586478472
0.8089135885,9.8563861847,0.3000842035
-9.3962669373,11.3904752731,0.6500791311
-10.661529541,8.722612381,1.2417474985
-7.6540603638,12.2964439392,0.675424397
-7.5372195244,-1.2947398424,0.29191643
-8.7547903061,-11.1927680969,-0.2749163806
-0.6833381057,-1.2641762495,1.3667492867
-12.9568767548,7.1368079185,1.3003129959
-10.2518749237,5.254714489,1.5920937061
-0.9263261557,13.4753293991,-3.1161847115
1.7203575373,10.9319076538,0.3420974016
-10.6946458817,-13.675693512,2.7004594803
-0.9263261557,13.4753293991,-3.1161949635
0.8372147083,-0.8299005032,2.5087575912
-1.1553310156,-4.9163589478,-1.9830752611
-4.5049915314,-1.6142239571,-3.1410915852
-11.6847953796,12.8775482178,-2.7497673035
-10.1286315918,1.6953318119,-1.074403882
-11.5385770798,-14.1644306183,-3.1245372295
-10.8713254929,-13.5821437836,2.6004595757
-7.5441098213,-0.7464479804,-0.0660692602
-0.9263261557,13.4753293991,-3.116184473
2.4300181866,-9.2289323807,1.4170926809
-2.7258660793,-1.4828667641,-2.7494258881
-5.897465229,-10.501282692,0.0669775084
-1.164455533,-5.9228549004,1.6753072739
