0.450012338362,0.409993766984,0.457492875391,0.319412813781,0.297419879597,0.200551099988,0.365124123625,0.375819617182
0.444101598108,0.40555487356,0.457977991386,0.325267073022,0.303914302489,0.202742679325,0.3623523296,0.370476232186
0.436612658721,0.400124177348,0.458855753722,0.332762392086,0.312272436199,0.205711164947,0.358353387256,0.363360069836
0.4277321302,0.393844607683,0.460161595968,0.341802756254,0.322348537451,0.209306528982,0.35326737614,0.354671195459
0.417717808226,0.3869287722,0.461946013793,0.352235665915,0.333912633238,0.213303476237,0.347274830544,0.344679002067
0.406861356109,0.379626680521,0.464274294688,0.363895404605,0.346709255304,0.217452387872,0.340547732809,0.333665131695
0.395454334031,0.372204775361,0.467234917376,0.376642993935,0.360497725267,0.221498987199,0.333207456274,0.321870307126
0.383762583125,0.3649256994,0.470937787912,0.390383429487,0.375082252511,0.225201278614,0.325314692746,0.309475409211
0.372019517998,0.358040798716,0.475511500829,0.405074283469,0.390326409873,0.228333733181,0.316869529415,0.296596147991
0.360429355301,0.351790737874,0.481101986402,0.420727283665,0.406160601057,0.230684809997,0.307819964842,0.283289239353
0.34917741454,0.346414547911,0.487876894087,0.437411332309,0.422588377831,0.232048115125,0.29806912182,0.269559576216
0.338444213477,0.342166709469,0.496039393114,0.455263722832,0.439698383081,0.232207041322,0.28747555806,0.255362109448
0.328420906976,0.339343459552,0.505857157409,0.474518213814,0.457690206285,0.230909848041,0.275840905725,0.24059245976
0.319323114651,0.33832203654,0.51771785751,0.495564678188,0.476927334717,0.227827087567,0.262875290639,0.22505737528
0.311396356639,0.339620371271,0.53223470358,0.51906930488,0.498042207773,0.222472944146,0.248120869854,0.208407639116
0.304892369964,0.343989649671,0.550452863699,0.546216877844,0.522145783054,0.214047957363,0.230790094639,0.189995547104
0.299942674263,0.352551025984,0.574272393267,0.579214909439,0.5512595532,0.201096655083,0.20941631862,0.168567543813
0.296015722002,0.366916312893,0.607361667541,0.622397189593,0.589243731911,0.180673211701,0.18104874713,0.141558274246
0.289232577322,0.388533959424,0.657090207926,0.684678231946,0.643686440448,0.145906709773,0.139183634578,0.103305696288
0.253951155686,0.409698981018,0.733358782034,0.781176584948,0.723606943647,0.0761942819417,0.0676246461815,0.0403897346853
0.460194393904,0.415814114277,0.453746108933,0.308443863095,0.284295624544,0.194544143702,0.374061985582,0.388061130794
0.453853005799,0.410972038434,0.454044972261,0.314436365666,0.291073709775,0.197094007555,0.371129210282,0.382393961371
0.445539551201,0.404876045157,0.454816080515,0.322437274113,0.300137090521,0.200683693432,0.366606843003,0.374464395065
0.435518867139,0.397714834501,0.456066819584,0.33225547348,0.311236308227,0.20508634827,0.360760787853,0.364613804949
0.424161429915,0.389761065111,0.457808491726,0.343619964696,0.324016251577,0.210002818589,0.353916975002,0.353286247308
0.411866069338,0.381332519687,0.460086055267,0.356265175747,0.338102646218,0.215109105507,0.346357662549,0.340906426515
0.399003595962,0.372754831738,0.462986297572,0.36998446408,0.353164834301,0.220092096935,0.338267006929,0.327808229757
0.385889195412,0.364335940217,0.466630455034,0.3846485445,0.368947512964,0.224667716897,0.329723821453,0.314215692472
0.372778656475,0.356355186604,0.471162246572,0.400202557053,0.385279672196,0.228584585056,0.320719484119,0.300254941273
0.359879210155,0.349065239735,0.47673948527,0.416655937966,0.402072547668,0.231618332535,0.311181680022,0.285976455173
0.347367556714,0.342703747266,0.4835331206,0.434074599935,0.419316226284,0.233560341876,0.300993401906,0.271375284667
0.335410953047,0.337512841463,0.491735847771,0.452581552335,0.437081903688,0.234202034991,0.290002653856,0.256403299572
0.324189360559,0.333766637242,0.501583606352,0.472371979842,0.455536423775,0.233312955031,0.278020029976,0.240969938153
0.31391688679,0.331809087389,0.51339733913,0.493752564249,0.474978364879,0.230607015098,0.264798972988,0.224926412095
0.304857636663,0.332106231938,0.527659707374,0.517223061877,0.495911160631,0.225684882487,0.249987110211,0.208023155636
0.297319760542,0.335314269279,0.54515112982,0.543629688884,0.519177189923,0.217930008592,0.233026965042,0.189822076096
0.291575264782,0.34233682387,0.567162364917,0.574412171177,0.546166419139,0.206329086969,0.212983478183,0.169545341669
0.287541440367,0.354168902291,0.595606742806,0.611740389977,0.578903882935,0.189288730043,0.188409555384,0.145960563792
0.283945162746,0.370281783337,0.631009400759,0.656172903398,0.617888900856,0.165806353083,0.158778670572,0.118640423893
0.280268442835,0.380701948427,0.655395290491,0.686446073762,0.644419630033,0.148859101048,0.13831001027,0.0999339333729
0.472095611559,0.422460260132,0.449062366864,0.295639429578,0.269296600216,0.18759954572,0.385107671921,0.402882578575
0.465264629345,0.417189822495,0.449210105963,0.301835624628,0.276429496242,0.190583758248,0.38188780348,0.396757440005
0.455909458343,0.410332977226,0.449982508395,0.310568768016,0.286423937514,0.194952007364,0.376511871135,0.387634030453
0.444446723864,0.402134360261,0.451294649027,0.321459777647,0.29885561166,0.200379457999,0.369504208332,0.376140149373
0.431431060077,0.392955123521,0.453077088121,0.334032360181,0.313162940133,0.206448711499,0.361450158774,0.363022932853
0.417416934028,0.383207238611,0.45533726408,0.347869870285,0.328799925042,0.212732748819,0.352802087389,0.348923041533
0.402876520521,0.373294800809,0.458163881826,0.362684860009,0.345322537558,0.218845508281,0.343813839374,0.334283009215
0.388174548579,0.363578550943,0.461700271591,0.378320221039,0.362413343205,0.224459400142,0.334564699031,0.319356318451
0.373577999626,0.354364184691,0.466114898172,0.39472152175,0.379872584267,0.229302358358,0.325013278692,0.304256154559
0.359280788912,0.345907665142,0.471581785075,0.411906479004,0.39759855427,0.233145832722,0.315046868542,0.289005594997
0.345432429478,0.338430556997,0.478272322634,0.429941667109,0.415569249243,0.235790155583,0.304516003964,0.273575658441
0.332166573149,0.332141072822,0.486356196824,0.448928446772,0.433830268234,0.237049789592,0.293255379627,0.257910127701
0.319628900726,0.327259137698,0.496009575535,0.468997847524,0.452491028645,0.236738719201,0.281094985034,0.241939694244
0.308004563342,0.324044852206,0.507429992356,0.490314234643,0.471730387352,0.234655275122,0.267864709277,0.2255878479
0.297542710283,0.322827052614,0.52085618283,0.513085907903,0.491810027217,0.230566629103,0.253395474608,0.208770900715
0.28856625385,0.324014517018,0.536577193465,0.537565465164,0.513078265714,0.224202031498,0.237527646937,0.191401477392
0.281431259173,0.328019523862,0.554847102025,0.563946545832,0.535875272114,0.215309172771,0.220183212249,0.173444958693
0.276359999967,0.334851418665,0.575352859054,0.591758027571,0.559974179782,0.204021921425,0.201755436886,0.155247855075
0.273114662388,0.342795937943,0.595200305488,0.617579385231,0.582510276768,0.192340132563,0.184602322616,0.138804535497
0.270927216345,0.346642504496,0.605786966881,0.631540736427,0.594865451518,0.186685372974,0.175416739824,0.129722567943
0.486092468206,0.429953408498,0.443004422733,0.280498175616,0.252066021191,0.179521858081,0.399118971301,0.421185087352
0.478664036295,0.424243388848,0.443110991399,0.28704514228,0.259679506722,0.183030104124,0.395352047362,0.414332347798
0.467918348997,0.41651344284,0.4441296672,0.296932263717,0.270984252415,0.188410076455,0.388501341528,0.403327936508
0.454561952772,0.407087745535,0.445750788888,0.309390984737,0.285222538315,0.195163119226,0.379639959984,0.389394574336
0.439459421037,0.396458814601,0.447739453471,0.323583006666,0.301489576392,0.202683751784,0.369824277342,0.373817845706
0.423386037414,0.385172588345,0.450050336828,0.338882059721,0.319002197872,0.210404454032,0.359742811814,0.357538612592
0.40692851497,0.373735525706,0.452796175051,0.354928359946,0.337193496766,0.217856892316,0.349692885234,0.3410911941
0.390486802503,0.362568635742,0.456170718655,0.371569219104,0.35570006108,0.224675561233,0.339700316524,0.324707004927
0.374315233769,0.351999963653,0.460388251244,0.388782646595,0.374315147799,0.230578428366,0.329642390263,0.308436345643
0.358569472055,0.3422781646,0.465651019391,0.406618917825,0.392942806634,0.235343798081,0.319331268814,0.292237403563
0.343347829605,0.333594171412,0.472135944334,0.425161905415,0.411562249493,0.238790684539,0.30856206463,0.27603149813
0.328725917672,0.326104262535,0.479990248336,0.44450271637,0.430201616799,0.240764811447,0.297140268512,0.259736496888
0.314787285209,0.319951800706,0.48932823036,0.464717451991,0.448917218208,0.241131336407,0.284901683241,0.243289912828
0.301653242093,0.315285652019,0.500222396884,0.485840565524,0.467772502024,0.239776992331,0.2717358881,0.226671119033
0.289513009871,0.31226952682,0.512678495279,0.507821125316,0.486806272809,0.236629046956,0.257625448281,0.209932508456
0.278648087816,0.311063551605,0.526570400925,0.530435513277,0.505965565372,0.231709653106,0.242720307017,0.193255105301
0.269426051473,0.31172731057,0.541476207803,0.55309567518,0.524943082364,0.225269423557,0.227484682666,0.177059680462
0.262207572762,0.313944089641,0.556304764736,0.574442702676,0.542805760949,0.218082393884,0.212976035463,0.162224785075
0.257118780546,0.316537120599,0.568718684102,0.591754960816,0.557420176721,0.211906320359,0.201214409719,0.150378531045
0.253848247034,0.317411328678,0.575305418137,0.601234167142,0.565632181781,0.209412248024,0.194931983968,0.143671246851
0.502689908762,0.438198262017,0.434798412878,0.262226672353,0.232130008757,0.170069010544,0.41753474466,0.444416070171
0.494455726347,0.432063533195,0.435141548068,0.269460342532,0.240473877881,0.174238415824,0.412656964889,0.436263003162
0.481716210957,0.423342192889,0.436952717636,0.281319379338,0.253750334292,0.180993276134,0.403098948303,0.422058663964
0.465775669669,0.41246701739,0.439367252332,0.296172699906,0.270519855243,0.189496265376,0.391184902343,0.404354428161
0.448018482276,0.400129156715,0.441839251065,0.312559188293,0.289314397632,0.198840503003,0.378803570536,0.385372796344
0.429500445321,0.387066643533,0.444293686166,0.329622287669,0.309065479177,0.208283881421,0.366883875467,0.366382249621
0.410901268082,0.373916837218,0.446939362084,0.347004719376,0.329117966813,0.21728439377,0.355640958653,0.347891071614
0.392612012392,0.361165192007,0.45007874077,0.364635942564,0.349112911639,0.225458960863,0.344928176677,0.329988387094
0.374832780963,0.349153545323,0.454006270708,0.382581643279,0.368878478378,0.232534345068,0.334462495752,0.312577988056
0.357647750945,0.338110295806,0.458970528646,0.400960480962,0.388354866239,0.238309189248,0.323934403726,0.295501812656
0.34107734412,0.328182338274,0.46516507988,0.419899475409,0.407545352891,0.242628801504,0.313054734103,0.278599155557
0.325114567771,0.319461424469,0.47272651537,0.439505233934,0.426481887856,0.24537112203,0.301575553759,0.26173644343
0.309752920113,0.312003382196,0.481728011024,0.459836134723,0.445195490178,0.246443637781,0.289306638937,0.244827972817
0.295012602335,0.305839839226,0.492160030472,0.480863506117,0.463682501475,0.245794284956,0.276142049161,0.227860546498
0.280971543413,0.300980605204,0.503888183984,0.502408246084,0.481856351912,0.243444460484,0.26211112111,0.210933217924
0.267807465339,0.297401571269,0.516574251359,0.524035944745,0.499471955656,0.239558577978,0.247471060263,0.194324237076
0.255853345747,0.295010177174,0.529548293554,0.544898987344,0.516013400274,0.234565609672,0.232853700861,0.178593010024
0.245648980209,0.293587850983,0.541657977434,0.563564884987,0.530571908409,0.229317059337,0.219433621137,0.164690716233
0.237912676019,0.292747409161,0.551257328614,0.578034859655,0.541859180447,0.225147416951,0.208937360391,0.15394246453
0.233288860655,0.292004804804,0.55667662091,0.586354938558,0.548636994522,0.223533523513,0.203130807046,0.147629292519
0.522615764352,0.446827957798,0.423038469706,0.239488805745,0.20885914884,0.158946647406,0.442922639913,0.475050917177
0.51311345512,0.440355829462,0.424318436763,0.248225597101,0.21847466316,0.16403342823,0.43558213867,0.4642472068
0.497260023657,0.430565242331,0.428139600659,0.263719015503,0.234926671683,0.172776592054,0.420726642508,0.444153467805
0.47769469734,0.418007653615,0.43221696873,0.282292822884,0.255286239373,0.183619633322,0.403745684763,0.4205107243
0.456600825426,0.403683332813,0.435543643126,0.301558108868,0.277254457826,0.195209593158,0.387782713513,0.396955741781
0.435278582586,0.388609682719,0.438203022608,0.320612227005,0.299552712542,0.206646134761,0.373693193374,0.374797098693
0.414395093473,0.373585703829,0.440674489332,0.339317114403,0.32156687798,0.217364213204,0.361268579574,0.354178396859
0.39424511546,0.359157270886,0.443462777589,0.357818310291,0.343035959981,0.227004018515,0.34998754293,0.334837367198
0.374916472509,0.345664461853,0.446982656518,0.376338098244,0.363879379378,0.235326913361,0.33930941316,0.316425592777
0.356385837365,0.33330016963,0.451545629802,0.395099189368,0.384107341584,0.24216580268,0.328759370276,0.298618522286
0.338572739927,0.322156187433,0.457372713595,0.41429595889,0.403771286096,0.247397005877,0.317941303274,0.281146928077
0.321369728031,0.312253526911,0.464605636099,0.434078106543,0.422931481661,0.250926265113,0.306532846351,0.263804232097
0.304660044012,0.303559547146,0.47330718062,0.454531601388,0.441629059798,0.25268603792,0.294283362295,0.246450968965
0.288331467613,0.295995119077,0.483445961104,0.47564750316,0.459853851478,0.252645241057,0.281025418183,0.229026458407
0.272296813856,0.289435655352,0.49486022434,0.497268720313,0.477500819068,0.250837165439,0.266710803053,0.211576149159
0.256541749327,0.283714989796,0.507193510521,0.51900155685,0.494309873427,0.247416896006,0.251489511498,0.194306757161
0.241247445784,0.278658352886,0.519796638598,0.540076356719,0.509792240867,0.242764565698,0.235863857888,0.177689639642
0.227074918455,0.274203510904,0.5316074224,0.559154264537,0.523174102667,0.237643206557,0.220956763158,0.162637573086
0.215605340855,0.270648640161,0.54109894526,0.574189342797,0.533457363034,0.233343581364,0.208818042206,0.150697926744
0.209214440321,0.268721082979,0.546627601296,0.582876316215,0.539780782586,0.231479837313,0.202108917742,0.143777132589
0.5470598191,0.454896916716,0.405166556214,0.209864263942,0.181453138549,0.145754194599,0.480206937093,0.517626143117
0.535033489634,0.448401061319,0.409314169041,0.222385452332,0.19368683683,0.15238907324,0.466582253433,0.5004273853
0.513876157046,0.43765259008,0.417804853459,0.244974337198,0.215521130292,0.164228141444,0.440794896266,0.468769680194
0.489306220947,0.423223918972,0.424799040291,0.269040825017,0.240746922654,0.178128650561,0.415866420779,0.436176137642
0.464276874707,0.406652670209,0.429234772813,0.29163968912,0.266347177463,0.192316876435,0.395539467873,0.407134616237
0.439987187941,0.389377517053,0.431983114097,0.312586609315,0.291249789043,0.205906427726,0.379361130538,0.381792857895
0.416868551611,0.372384495089,0.434084971138,0.332349542183,0.315120369158,0.218413840732,0.366085505862,0.359312784728
0.395002957291,0.356260065235,0.436339454755,0.351433421249,0.337902488056,0.22955367357,0.354595458463,0.338847009054
0.374308884084,0.341318484873,0.439301205222,0.370262144204,0.35965214524,0.239145068692,0.344029440396,0.31972064
0.354629743785,0.327701341921,0.44334586797,0.389175812411,0.380470296934,0.247063916202,0.333735907732,0.301424094027
0.335774457663,0.315438868785,0.448724040027,0.408444067665,0.400470013344,0.253217604108,0.323212008421,0.283576489012
0.317532496605,0.30448280851,0.455593415174,0.428274336955,0.419755783648,0.257532292387,0.312056746459,0.265894301257
0.299674460257,0.294720479756,0.464032489987,0.448811660723,0.438405241686,0.259947960456,0.299940215313,0.248169942316
0.28194459717,0.285976761256,0.47403949418,0.470129351063,0.456448006955,0.260419589578,0.286586452879,0.230259477758
0.264052818682,0.278010428369,0.485518064591,0.492208016573,0.473838238816,0.258925697443,0.271770615847,0.212080112818
0.24568683243,0.270518044821,0.498247500995,0.514893786899,0.490418326798,0.255491318785,0.255342998727,0.193625394504
0.226615420666,0.263183036111,0.511820794373,0.53779846239,0.505866936154,0.25025341664,0.237335786417,0.175034823644
0.207125727138,0.25587912933,0.52546629599,0.559991389161,0.519596837431,0.243671634114,0.218364848824,0.156866299846
0.189440492406,0.249298032225,0.537480758006,0.579054758903,0.530522465509,0.237146816156,0.200919237626,0.141010188407
0.179749142115,0.245885712992,0.544480182637,0.589897634262,0.537035032488,0.233792518339,0.191188916286,0.131999387027
0.578626674103,0.460694228436,0.377541882515,0.168765998444,0.149267125441,0.12950030567,0.53947141945,0.580876357418
0.559356180608,0.455072217967,0.390389572818,0.193042037234,0.168184242344,0.14005191035,0.505748319278,0.544120722945
0.529116566959,0.443877870653,0.408002041184,0.228727983484,0.198574218748,0.1567875922,0.458594475139,0.490768157948
0.498596926198,0.427414138323,0.418456502583,0.259049100791,0.229130628412,0.174151826063,0.424066925026,0.447528601068
0.46964680922,0.408369779203,0.423509945876,0.284306666838,0.258021020031,0.190937292688,0.400169111015,0.413722025368
0.442685965852,0.38880166247,0.42583503875,0.306368280641,0.285069861615,0.206593838273,0.382924259886,0.38618315605
0.417695968942,0.369862510697,0.427198653773,0.326560696827,0.310383358482,0.220803826967,0.369615121658,0.362646360801
0.394472176135,0.352129116561,0.428667833422,0.345745436477,0.334133723649,0.233377872887,0.358522434217,0.34165511024
0.372742396024,0.335858273887,0.43089481072,0.364508979124,0.356507083408,0.244195561767,0.348523966371,0.322256834291
0.352218593901,0.321128477684,0.434292476042,0.38327762042,0.377684883863,0.253171649169,0.338843647407,0.303803357835
0.332612065076,0.307910100599,0.439129405052,0.402377452976,0.397834905926,0.260237716729,0.328907202062,0.285835667659
0.313628624609,0.296096476625,0.445579484178,0.422065545152,0.417104809623,0.265331666867,0.318256225362,0.268015700004
0.294950289611,0.285513257291,0.453747880917,0.442548329865,0.435615431149,0.268389768904,0.306491084693,0.250081046364
0.276204038572,0.275914432033,0.463686313735,0.463997082741,0.453452869616,0.269336978102,0.293223845246,0.231807815376
0.25691527652,0.266969722943,0.475407282001,0.48656830168,0.470659909173,0.268070825565,0.278026455233,0.212971183723
0.236443718408,0.258249063086,0.488907922638,0.510436864293,0.487228905421,0.264434166924,0.260360972503,0.193294170022
0.213912585487,0.249217197836,0.504214287317,0.535841917998,0.503094810677,0.258184327118,0.239493511905,0.172380320575
0.188252423328,0.239279960319,0.5214095382,0.563053345075,0.518074726183,0.249055729877,0.214517259347,0.149696848769
0.159507802148,0.228212551782,0.540024001373,0.591289397553,0.531306977097,0.237585498894,0.185664677593,0.125446569164
0.140066711649,0.220701103011,0.552764180143,0.609844808153,0.53903149987,0.229875579538,0.165692847604,0.109057110293
0.630558332705,0.472365852829,0.360265873486,0.110507393145,0.115863762992,0.102062903375,0.638887061646,0.678427424757
0.576123972796,0.461065533617,0.381142228911,0.177982781627,0.153557689836,0.132267699252,0.525784039298,0.567901634134
0.537602274613,0.44902516467,0.404738489089,0.223774896819,0.189911218424,0.153282198791,0.460659843302,0.496493392246
0.502783996892,0.42977513419,0.415086614137,0.255750002185,0.223131664343,0.173144075212,0.423277293388,0.449171918735
0.471125207738,0.408001861134,0.418814737006,0.280912544044,0.253650490254,0.19191226426,0.39980542982,0.414555462647
0.442427475364,0.386213053505,0.419759505063,0.30252595822,0.281789398623,0.209237107641,0.383686925508,0.387048121177
0.416298803508,0.365522488088,0.419899753214,0.322205388808,0.307835655355,0.22488930942,0.371605341613,0.363765359595
0.392293559646,0.346398475012,0.420312362566,0.340872539228,0.332053144359,0.238732593374,0.361694498719,0.343069166088
0.369990716122,0.329009438537,0.421630658144,0.359130602204,0.354681997988,0.250678239116,0.352797294145,0.323945029516
0.349010814345,0.313371186975,0.424254729653,0.377417808979,0.375939197928,0.260659283989,0.344129899665,0.305719864723
0.329006604091,0.299408063961,0.428450307657,0.396074784152,0.396019232836,0.268616970188,0.335112497158,0.2879226556
0.309642111601,0.286975880145,0.434398184723,0.415378654154,0.415094252107,0.274491791749,0.325273003776,0.270206790695
0.290561723941,0.275866028296,0.442223278808,0.435568000034,0.433313896144,0.27821337913,0.314180652088,0.252296422955
0.271344487738,0.265797820113,0.452019196655,0.456872544382,0.450805559985,0.279683783389,0.301383767878,0.233936087495
0.251434050349,0.25640040559,0.46388112322,0.479559643265,0.467676639697,0.278746676505,0.286328839592,0.214828210345
0.230024487687,0.247181659161,0.477966605274,0.504016275512,0.484021994974,0.27513012892,0.268228102966,0.194538111937
0.205849823785,0.237469957269,0.494631781846,0.5309108984,0.499942844692,0.268346303556,0.245811405586,0.17231837634
0.17670891861,0.226252879175,0.514796748907,0.561572116692,0.515571954265,0.257546745069,0.216797344533,0.146695042685
0.138028690124,0.21137413971,0.541155030353,0.599100541407,0.530727615935,0.241427036126,0.176305538837,0.114116695586
0.0756089703543,0.179462217362,0.582406663265,0.650649574862,0.533168243176,0.221420665907,0.107155491597,0.0620380510201
0.595463343541,0.485579475921,0.399415301524,0.190065843334,0.143401241553,0.122536994931,0.496309280578,0.552490454652
0.572365306965,0.474106384351,0.404743730484,0.208512215842,0.161768105534,0.135162462031,0.471167411353,0.521178109658
0.535590543316,0.453418012447,0.411872288455,0.235713786628,0.192319597796,0.155269939748,0.436788322046,0.47617459749
0.499864922048,0.42921203079,0.414762989877,0.260070713823,0.223831970295,0.175968297293,0.411671014477,0.439032700672
0.467563574746,0.404577229766,0.41467757721,0.281506209374,0.253780337573,0.195786513575,0.394265182995,0.409208202158
0.438567566578,0.380936135605,0.413330212916,0.300956150294,0.281718652291,0.214192943999,0.381784618582,0.384355144446
0.412319002488,0.358906277794,0.411869422593,0.319170328187,0.307675825274,0.230919973992,0.372231723794,0.362734988501
0.3882632212,0.338741662797,0.411032190932,0.336715713251,0.331806838046,0.245809854143,0.364270036491,0.343172940132
0.365928111244,0.320519595466,0.411312920676,0.354043204472,0.354300943546,0.258756853038,0.356984682573,0.324863340637
0.344915761906,0.304216837653,0.413058120193,0.371524936886,0.375350552832,0.269680402992,0.349714145182,0.307237376361
0.324878808945,0.289739915127,0.416515551647,0.389471226492,0.395138535893,0.278511703947,0.341944579388,0.289884871348
0.305495217437,0.276935764783,0.421861824716,0.408140953087,0.413832694526,0.285184706266,0.333241345495,0.272505028236
0.286437859117,0.265592978839,0.429223013783,0.427756274776,0.431583771166,0.28962519747,0.323196102673,0.254865699417
0.267331376324,0.25543619858,0.438696880459,0.448529148413,0.448525535888,0.29173381538,0.311372746374,0.236757324992
0.24768989512,0.246112519804,0.450382192529,0.470703184418,0.464774817667,0.291359978786,0.297238435121,0.217933962501
0.226831781541,0.23716761969,0.464420728931,0.494609630418,0.480425178002,0.288265895962,0.280066969542,0.198038697646
0.203777015028,0.228007655716,0.481056871556,0.520721089388,0.495513120003,0.282099142521,0.258814979788,0.17651926503
0.177223340721,0.217841598718,0.500674522098,0.549581923421,0.509866173771,0.272517081576,0.23211126307,0.152613277976
0.146592657645,0.20575349332,0.523172354122,0.580610694589,0.52233135,0.260318244574,0.199692207785,0.126219298127
0.120248534057,0.19302892916,0.541822144082,0.603904765031,0.527861819844,0.25245571452,0.173364025416,0.105081829878
0.624954513182,0.557709942567,0.48639795493,0.272181579912,0.143101126774,0.109013180198,0.345983283335,0.44628100883
0.563981112,0.488799437725,0.4343666773,0.247962994972,0.173711270021,0.13959308407,0.400498358478,0.459697927151
0.523865621206,0.452729769833,0.419976502656,0.253761159803,0.201374203663,0.16166268757,0.403166487608,0.444705697689
0.489355630241,0.423623423942,0.413790155123,0.26809761304,0.229818076439,0.182524050255,0.394740727112,0.422174563975
0.458666925856,0.397095041438,0.409450693441,0.284385342098,0.257811885639,0.202594997691,0.3858049585,0.399792093445
0.431014168387,0.372459166278,0.405726660841,0.300800666636,0.284563259232,0.221522977318,0.378317207477,0.37914996008
0.405762377644,0.34971304363,0.402645025511,0.316963282663,0.309754517968,0.238970699743,0.37210901894,0.360151632898
0.382415228474,0.32894358373,0.400524056982,0.332958766605,0.333328972892,0.254697753877,0.366628904478,0.342345181523
0.360579022218,0.310201521563,0.399709929815,0.349026925383,0.355355940966,0.268534673796,0.361338648553,0.325267656666
0.339924910384,0.293477773609,0.400503728751,0.365444068179,0.375957959823,0.280354971588,0.355773494074,0.308526485596
0.320167207185,0.278700947485,0.403141896478,0.382467933472,0.395273784866,0.290059798766,0.349532155754,0.291818114319
0.301051829794,0.265739525371,0.40779323979,0.400309568236,0.413439258836,0.297568333284,0.342256584709,0.274929978804
0.282342370296,0.25440641975,0.414565649702,0.419126337561,0.430577277657,0.302806535724,0.333608061932,0.257728239352
0.263793742748,0.244462905156,0.42351965713,0.439034568397,0.446792296402,0.305692950568,0.32323721532,0.240127230095
0.245114591077,0.235617787051,0.434680436514,0.460130977236,0.462162877105,0.306127769069,0.310752742216,0.222046451878
0.22594219079,0.227522940076,0.44803021859,0.482491954646,0.476717323193,0.304002898828,0.295713773955,0.203380605721
0.205904404224,0.219781805405,0.463434793532,0.506071995894,0.490357236257,0.299285387702,0.277729868156,0.184048976625
0.184998802613,0.212033353462,0.480351753318,0.530278261655,0.502650277026,0.292339898015,0.256959385448,0.164314328124
0.1649765029,0.204398223922,0.496868730522,0.552659953219,0.512426856999,0.284849388293,0.235879685592,0.145902219988
0.15274477931,0.199518661444,0.50772272637,0.566624942034,0.518132197595,0.280992830829,0.223459360625,0.134357197153
0.555352802805,0.494114214056,0.445599949529,0.264671272509,0.177793940478,0.141435296188,0.362988204321,0.428148814705
0.532143381492,0.470454476548,0.431497908167,0.262944083668,0.191717162575,0.153912189274,0.372097711899,0.426697968821
0.500622287692,0.43926865249,0.41682092321,0.265602484993,0.213963728387,0.172546665644,0.379151022029,0.41920908129
0.471615086824,0.41111644148,0.407747235217,0.274842969296,0.238837905649,0.192182765947,0.379519713143,0.405450707369
0.44506405754,0.385105625969,0.401380974618,0.287273517135,0.264437914142,0.211889822095,0.377415263158,0.389395212501
0.420325542373,0.360692783472,0.396167770294,0.300884319858,0.289578664014,0.230978762832,0.374763485114,0.373018397854
0.397056567459,0.33791763065,0.391811366224,0.314895295525,0.313638399095,0.248924922651,0.372056880711,0.35693279624
0.375054447704,0.316958942051,0.388511613882,0.329147007937,0.336368753917,0.265366221106,0.369263730109,0.341172816285
0.354142302453,0.297966058793,0.386597754609,0.343756684091,0.357717420635,0.280042838072,0.36617242041,0.325559296928
0.334136814632,0.281015273282,0.386391690446,0.358944242367,0.377725229787,0.292758883964,0.36251092556,0.309859259062
0.314857623484,0.266099419848,0.388151700223,0.374930147813,0.39647170297,0.303369160935,0.35799664209,0.29387337355
0.296153059535,0.253131735106,0.392046570883,0.391869240112,0.414043226869,0.311772501715,0.35236249113,0.277492427677
0.277920003995,0.241963093807,0.39815269091,0.409819329184,0.430513646988,0.317899028685,0.345365602516,0.260720545104
0.260100390508,0.232404982425,0.406465844681,0.428744061656,0.445933335994,0.321692984692,0.336780272343,0.243658340865
0.242657227104,0.224245600432,0.416904342633,0.448528825436,0.460319638011,0.323107938365,0.32639354464,0.226460226421
0.225567942936,0.217257103343,0.429270405794,0.468962233164,0.473633785712,0.32214339453,0.314050513401,0.209310233788
0.2089178048,0.211218523283,0.443129546362,0.489608665575,0.485722302886,0.318965152046,0.299837523438,0.192491515238
0.193227370623,0.206020884257,0.457551710821,0.509474288489,0.496212646132,0.314161953925,0.284546177423,0.176652526913
0.180122287092,0.201991409582,0.470714407971,0.526464255353,0.50445361446,0.309072022513,0.27047295571,0.163320823093
0.172872704141,0.200532068333,0.479886371903,0.537263933604,0.509775032007,0.305349405459,0.261390285982,0.155235371193
0.50444541076,0.452600174369,0.419958013022,0.264255584423,0.199913885916,0.162072572734,0.357910864057,0.411896712942
0.487973472078,0.437186274204,0.410312637016,0.265335329298,0.208805913112,0.170339575209,0.359078400059,0.408023177712
0.46835500353,0.415842389872,0.401756686957,0.269808506365,0.226210008495,0.185143881686,0.363651267075,0.401469993759
0.448696920847,0.39289352713,0.395601104188,0.278189448029,0.248435150726,0.203437852609,0.368026955506,0.39186110376
0.428406991248,0.369395608529,0.38998182925,0.288741283116,0.272200994426,0.222840355183,0.370834119898,0.380167733611
0.407678848655,0.346141306741,0.384410684853,0.30028033143,0.295871770478,0.24208791305,0.372280568671,0.367364058754
0.38700510531,0.323816146459,0.379197753242,0.312323107581,0.31875534548,0.260513558826,0.372804941683,0.354014596103
0.366725503858,0.302926883608,0.374829815063,0.324793222857,0.340557932363,0.277680447174,0.372635880868,0.340318097082
0.346982855037,0.283830285911,0.371796558423,0.337840617181,0.361163811462,0.293243801457,0.371784027262,0.326234561513
0.327773436875,0.266751484944,0.370535579038,0.351718643324,0.380550414332,0.306922791741,0.370116353869,0.311605864525
0.309023516774,0.251780769277,0.371379523882,0.366665403859,0.398741182447,0.318511728738,0.367436394136,0.296280773776
0.290681088871,0.23888197537,0.374512040876,0.382796237522,0.415768033473,0.327888541436,0.36355475592,0.280233279961
0.272792422242,0.227934143349,0.379965040468,0.400046313841,0.431644441825,0.334997983862,0.358330550974,0.263630698142
0.255524346573,0.218791357125,0.387653561762,0.418182072303,0.446352224077,0.33981399902,0.351671855947,0.246818629162
0.239125118286,0.211323450071,0.397398956243,0.436850050765,0.45983799573,0.342315143176,0.343519517604,0.23023984822
0.223869765142,0.20541836726,0.408887513732,0.455597868787,0.472007574083,0.342516443341,0.33387674946,0.214352309966
0.210072943701,0.200973022132,0.421556014948,0.473810027621,0.482705705691,0.340580789326,0.322953450611,0.199626145541
0.19823824323,0.197935634629,0.434453742315,0.490552769369,0.491688509245,0.336982134605,0.311440587528,0.186666488305
0.189290456307,0.196447251552,0.446204082111,0.504447379293,0.498643196129,0.332578211653,0.300739000559,0.176393603517
0.184520666658,0.196959538535,0.455324885999,0.513930421775,0.503332338503,0.328326505552,0.292613709195,0.169961132805
0.458201292042,0.418615981016,0.393134996352,0.262315242001,0.212220449387,0.175337598095,0.345550333578,0.397705266766
0.437493891137,0.403614797656,0.378383113776,0.26106060201,0.215234362052,0.179704040877,0.340683403867,0.392951970927
0.431639786795,0.38986377403,0.37891102883,0.268500668093,0.233439628873,0.195021006253,0.349010958901,0.388007096745
0.424460702601,0.372448318476,0.379690630104,0.278585768217,0.256856171879,0.214666558851,0.359411194596,0.381518872494
0.411226788122,0.351686640786,0.376289189977,0.288548961218,0.280096090741,0.234645641712,0.366691002344,0.373056717784
0.394666125036,0.329741316012,0.370860277558,0.298549918203,0.302689382155,0.25432661221,0.3715420854,0.363122266348
0.376635149323,0.307944812453,0.364928189307,0.308785562982,0.324528611823,0.273379859589,0.374835580381,0.352165380782
0.3581211263,0.287130076521,0.359450526602,0.3194464918,0.345475676408,0.291426718877,0.377064526314,0.340415586256
0.339593671242,0.267894918108,0.35517582128,0.330836176351,0.365411223003,0.308045986537,0.378388091818,0.327849246152
0.321191335096,0.250661844979,0.352752652805,0.343358922353,0.384274841528,0.322842689644,0.378733188726,0.314253897406
0.302879611037,0.235643151136,0.352659615315,0.357371795575,0.402047406743,0.335526117263,0.377918888536,0.299405160947
0.2846444149,0.222831311639,0.355107724031,0.372993755921,0.418709316811,0.345959380449,0.375791437573,0.28329430008
0.266668909803,0.212082399713,0.36004659619,0.390006752609,0.434209430604,0.354136909818,0.372312414829,0.266274919302
0.249392894466,0.203257005271,0.367280642695,0.40791192077,0.448452009198,0.360088824257,0.367543243492,0.249030914159
0.233420316545,0.196313285387,0.376568637308,0.426073050533,0.461301072096,0.363788476505,0.361557423815,0.232394339762
0.219344934634,0.191285194063,0.387581969452,0.443822536381,0.472596970654,0.365155681505,0.354390101717,0.217133037648
0.20761857188,0.18818692667,0.399746972511,0.460465648922,0.482169862624,0.364177465266,0.346115637188,0.203826572971
0.198553567401,0.186949540981,0.412143079845,0.475227862071,0.489846432019,0.361077356919,0.337039424134,0.192882915078
0.192422101015,0.187449719243,0.423610206103,0.487261585052,0.495475521453,0.356402956572,0.327845078139,0.184634478829
0.189560955963,0.18966250796,0.433186538652,0.495850372396,0.499123761243,0.35095299907,0.319578662213,0.179436568534
0.421201792042,0.392327558536,0.370235229511,0.260506124407,0.219820434941,0.184729613694,0.333004886957,0.385668395368
0.356640557276,0.366352052554,0.315787535641,0.245871036102,0.195444575769,0.170026372774,0.297597163642,0.373159594102
0.400333122817,0.367246087615,0.357526607618,0.266153536809,0.238372843496,0.203218323482,0.336997912168,0.377494467041
0.40447621985,0.352855240669,0.364481993916,0.278033520313,0.265169591879,0.226252174469,0.354958680565,0.374364179011
0.396332876882,0.333595500813,0.362018551104,0.287165845757,0.287944358091,0.247009130615,0.365625532765,0.368523465626
0.382898238666,0.312477532364,0.356215663978,0.295593426156,0.309484302328,0.267215450213,0.372902002002,0.360879062343
0.366966011083,0.290933941326,0.349309528163,0.303993322737,0.330410463592,0.28709967922,0.378341458301,0.351943701648
0.349948234843,0.269927758583,0.342450565968,0.312707037856,0.350675137395,0.306323537819,0.382655212974,0.342016266119
0.332537262805,0.250297612727,0.336622685119,0.322229042079,0.370126692775,0.324322990382,0.386062515322,0.33101261869
0.314897162423,0.232740422856,0.332815059847,0.333282828067,0.388687316685,0.340509352277,0.388439316696,0.318472669829
0.296861891108,0.217634183174,0.331782926348,0.346538057584,0.40631055212,0.35444055885,0.389490830715,0.303859649285
0.278292242459,0.204937113445,0.333764967803,0.362198295788,0.422919959703,0.365971933207,0.389009482871,0.28703564354
0.259459512048,0.194344892816,0.338502838346,0.379810524935,0.43839932154,0.375246652216,0.38707618082,0.268585489704
0.241174662331,0.185629505129,0.345589078031,0.398455816865,0.452578992013,0.382454660079,0.383995112799,0.24972487247
0.224582095964,0.178867786204,0.35478000506,0.41711012036,0.465224552003,0.387561706177,0.380023451018,0.231898895454
0.210764057329,0.174363514549,0.365911373273,0.434869125729,0.476070146226,0.390260821037,0.375160062476,0.216342664418
0.200378510277,0.172357898138,0.378487167284,0.450949386018,0.484867273522,0.390172832491,0.369165739641,0.203787848107
0.193538657807,0.172799121126,0.391458173059,0.464636862072,0.49141649279,0.387142712428,0.361809304474,0.194413185675
0.189896347117,0.175273508137,0.403492126991,0.475379848373,0.495572467955,0.381465107463,0.353136276542,0.187947588288
0.188389248594,0.178684476959,0.413038867496,0.482910904377,0.496776467772,0.373751125765,0.343056018806,0.183412191827
0.411699309962,0.375929494572,0.367474652489,0.2663353491,0.237741966625,0.201280108406,0.337336767596,0.378893160664
0.393192292647,0.363066699916,0.35245101527,0.263974332874,0.237669159663,0.203946629664,0.33123869448,0.374600086086
0.393318665536,0.35079127478,0.352927889312,0.270270770352,0.254431547122,0.219767036039,0.342802234587,0.372985657041
0.392918964306,0.33500659834,0.352814799711,0.278035261818,0.275374698034,0.239654948488,0.35719906776,0.371026639225
0.385622148471,0.315998528916,0.348053456382,0.284803317764,0.295482371981,0.259618209694,0.368059431726,0.367044305448
0.373561723197,0.295171734946,0.340969191819,0.291319565175,0.315590677979,0.280103903525,0.376337609005,0.36104738789
0.358775013475,0.273440962154,0.332717568801,0.297781267379,0.335812753997,0.301106893297,0.383169602317,0.353678033318
0.342774614751,0.251720422075,0.323996331618,0.304242506083,0.355676625363,0.321998991864,0.389230383077,0.345522645851
0.326367687379,0.231156404146,0.315990871613,0.311385704293,0.374915149667,0.341928918276,0.394689457353,0.336391988052
0.309577109277,0.212922077191,0.310339342872,0.320585949828,0.393525255215,0.359976542873,0.39924287989,0.32524638605
0.291765097962,0.197708303529,0.308397539861,0.333255999125,0.411436451774,0.375356463248,0.402233127243,0.310729034456
0.272292161609,0.185317579953,0.310415197866,0.34984330865,0.428427798432,0.387872164925,0.403171549738,0.292239715638
0.251416381982,0.174944193216,0.3155513169,0.369412622956,0.444326694997,0.398074501727,0.402323693272,0.270726689639
0.230531921376,0.166026842147,0.32287514922,0.390260932505,0.458966686953,0.406626194957,0.400510763745,0.248355051565
0.211707303462,0.158839528694,0.33227687256,0.410796533944,0.472018555626,0.413543902752,0.398376786618,0.227608093724
0.196924349763,0.154281331617,0.344241356624,0.42988723998,0.483030287505,0.418086196581,0.395890402557,0.210525408453
0.187265344302,0.153095449322,0.358543318731,0.446618928123,0.491555496837,0.419207826626,0.392306536381,0.198136830557
0.182647747636,0.155337687924,0.373493031605,0.460025366988,0.49720557725,0.416100556395,0.386573491851,0.190371082725
0.182193048659,0.160426962399,0.387065860772,0.469520718159,0.499879567047,0.408765931338,0.378163337168,0.186423042617
0.184778072796,0.16749147899,0.398402765619,0.475435605183,0.500214456376,0.398458323663,0.367877218023,0.185297391991
0.409195060652,0.361285368574,0.367450623016,0.273069034743,0.257193181683,0.219392915204,0.347305964062,0.375253780953
0.398716051746,0.349253987958,0.356970507191,0.272334150062,0.261007792009,0.225624256541,0.347611782016,0.373338332045
0.392633758085,0.335089077476,0.349359048063,0.274156758484,0.271059113048,0.237387480123,0.354127748849,0.372346836156
0.387585980549,0.318341500978,0.34191397995,0.277070361495,0.284833008229,0.252932920055,0.363866288039,0.371676377095
0.37958023092,0.299387084133,0.333635757314,0.280661871463,0.300892398864,0.270955166457,0.373227205184,0.369313499677
0.367327256967,0.278633235524,0.32527029825,0.285477648785,0.319848027255,0.291815967531,0.381291326603,0.363953099295
0.352436722295,0.256236673171,0.315714169361,0.290225222846,0.340126274262,0.314617623265,0.388763995792,0.357320875302
0.33685948225,0.233004013062,0.30446419352,0.293923465788,0.359979250188,0.337928845247,0.396239310406,0.351010647293
0.321494796406,0.210532427815,0.293075295635,0.297526491244,0.37924381008,0.360664562333,0.403821602214,0.344653077273
0.306127364219,0.190925483743,0.284568067288,0.3037634315,0.398478549581,0.381506960698,0.411061382579,0.33609768854
0.289003018678,0.175689008174,0.281784239806,0.315857189912,0.417499057723,0.398729744024,0.416440782292,0.322014732598
0.268025222682,0.164295097781,0.284990739715,0.334869371845,0.435370994842,0.411674974071,0.418417024517,0.300457248133
0.243341921705,0.154579981177,0.29169897994,0.358587836387,0.451985455246,0.422036447132,0.417668466764,0.273253927924
0.217421852404,0.14503146121,0.299580073647,0.38367139456,0.467608591286,0.431840116726,0.416290689299,0.244454391027
0.19386714728,0.136290353277,0.308969741898,0.407788478583,0.481883341062,0.441282402352,0.415746027066,0.21817458886
0.176430040215,0.130667231512,0.322479968355,0.429892779882,0.493982922949,0.448753088229,0.416099425421,0.197887252306
0.167029672374,0.129976048082,0.340984362328,0.449146885023,0.503112143847,0.452101005865,0.415903654921,0.185183260871
0.165069321801,0.134278674827,0.360365039946,0.463435163125,0.508267741882,0.449258022476,0.412443534858,0.179481255349
0.16897564341,0.142763356837,0.375973670856,0.47106874283,0.508809388394,0.439224146144,0.403773908259,0.179282755735
0.17643355924,0.153812149124,0.387482564835,0.473601459904,0.506122304924,0.424255776291,0.391225039589,0.182355726012
0.404954963169,0.347149586574,0.36424034984,0.277673112043,0.272758808624,0.234759676337,0.355428019613,0.372651413723
0.397016283551,0.334845147029,0.353571359696,0.276359632922,0.276556419652,0.241659537747,0.357833373744,0.372359955865
0.390755632463,0.320158272481,0.342291830024,0.275286547514,0.282781479303,0.251390424134,0.363470889114,0.373356290725
0.386064575044,0.303162343583,0.329315339259,0.273421946221,0.289966270775,0.263056861838,0.371640285178,0.376236012235
0.379622828812,0.284552373413,0.316811714938,0.272635508421,0.300249009901,0.277856296234,0.380122475269,0.37749955726
0.364643021195,0.263926209308,0.309458994792,0.277986546017,0.32093960661,0.300786709781,0.386876245628,0.369708614482
0.347742352435,0.240357529895,0.299533641327,0.282123724498,0.343193450177,0.326822636801,0.394246096237,0.362018956495
0.331985737992,0.214615419178,0.284844777861,0.282251009202,0.363146183772,0.353275453024,0.402689072579,0.357828890389
0.317847698032,0.188560578725,0.267792065864,0.279908496502,0.382124750679,0.379947854296,0.412258852824,0.356078900253
0.305530936521,0.165982962445,0.254000234268,0.280232276818,0.403146852737,0.40580183779,0.423462572275,0.353315391323
0.291200606749,0.150889048254,0.250345649256,0.291169435226,0.425676187285,0.426394467003,0.433260863361,0.34160901422
0.267979800499,0.14244274369,0.257510225682,0.315603383765,0.444512343139,0.437832864371,0.435460438412,0.31442865003
0.236771823002,0.13477642967,0.268214444868,0.347121357567,0.461085282659,0.445889219775,0.432570295609,0.277159521703
0.202443665679,0.124065340102,0.276639022821,0.378861910945,0.477882647,0.456357575196,0.430052401456,0.237922417682
0.170243655843,0.111570218528,0.283981915288,0.408102471108,0.494503951049,0.469481848138,0.430497288583,0.202240746373
0.1476627937,0.10303030492,0.298957071369,0.434980493392,0.509058293837,0.481699880803,0.434461045386,0.176354621634
0.138685944037,0.102803125641,0.327874784645,0.46058362364,0.520537960624,0.489594820703,0.440438405163,0.163260465831
0.139931481842,0.109346072963,0.35768714141,0.479112734165,0.526739480171,0.489109477585,0.441842237262,0.160117936767
0.1501801267,0.122438552975,0.374131290716,0.482622317325,0.523434436976,0.474194057142,0.431469204461,0.165864367675
0.164929942875,0.139092909068,0.382172536838,0.477664401496,0.514867229763,0.450869239345,0.413796955656,0.175686087938
0.39966133929,0.334459332856,0.359907931744,0.281020232452,0.285368790119,0.247643850391,0.361556323655,0.370290199572
0.393000954278,0.322003892636,0.348631286514,0.278937582568,0.288504865794,0.25454742136,0.364883486756,0.371094110079
0.387576953091,0.307319174531,0.335367415325,0.275902008,0.29212196649,0.262907014206,0.370403671831,0.373762273557
0.385497662324,0.290585251933,0.318218795537,0.269734661177,0.293376559189,0.271007764011,0.378406134082,0.380914527854
0.396499727971,0.273737846239,0.291698933042,0.252831322717,0.282149585377,0.272310448427,0.389899289017,0.402710422553
0.363165251709,0.252057263991,0.29677299966,0.271792587456,0.321736388715,0.308111044387,0.391811159285,0.374802182615
0.343605227145,0.227105755499,0.286646889401,0.275687974462,0.346296291045,0.337502019522,0.398766314465,0.365527817871
0.327628119769,0.198448666453,0.267647992869,0.271304202024,0.365118820683,0.366491964954,0.407424213849,0.364054693898
0.314187119534,0.166513710294,0.241527584559,0.259227704105,0.381350221663,0.397397717987,0.417109617638,0.369027041695
0.307322458342,0.136786899438,0.216281416874,0.246008124881,0.405615902475,0.433196373765,0.433392316034,0.378884694287
0.304464965018,0.121054804922,0.210440967883,0.252821164336,0.443800081134,0.466370155585,0.458090976869,0.378267496488
0.27524416457,0.121016304348,0.229002694277,0.29097988288,0.45813763029,0.467349118942,0.455798551476,0.337055959463
0.233366208649,0.118428473063,0.24813899778,0.335871704728,0.470243923671,0.466741154691,0.445790415499,0.282842719345
0.188023778001,0.106217811793,0.256633995947,0.375649188619,0.487607483301,0.476632425425,0.440087808988,0.230189430794
0.141821608772,0.0862202660799,0.256268164753,0.410106400685,0.508157699587,0.494783243017,0.439803885903,0.180241933108
0.108898788968,0.0704151910217,0.266852636207,0.441519270487,0.52724353419,0.513749655822,0.446555310911,0.144067845325
0.104633564934,0.0736919685372,0.323646198206,0.481783523761,0.543560063395,0.530069765144,0.465689798327,0.1336545441
0.106105236452,0.080058982189,0.383252832586,0.51910305473,0.558851416488,0.543081374036,0.482567138585,0.129568719462
0.127223501849,0.100722350011,0.387668133077,0.507088754992,0.544756675807,0.514405865937,0.462865136482,0.146749269162
0.15333292783,0.125814284295,0.382364106649,0.485429772925,0.524595184772,0.475268165954,0.433937845478,0.167822727618
0.393986881034,0.323621611182,0.356040066266,0.284034669114,0.296281000852,0.258734151878,0.36614218812,0.367658210707
0.387865303916,0.311308355036,0.344800526221,0.281713068507,0.299214156071,0.265731517714,0.369827301297,0.368730607499
0.382327919802,0.297058119181,0.331739295638,0.278513217643,0.30248310606,0.27398158636,0.37502647667,0.371154553884
0.377919444895,0.281041462559,0.316601387047,0.273899791053,0.305498236275,0.28322072805,0.381707256942,0.375487677684
0.371513259363,0.263463868346,0.302391705086,0.270580451585,0.312272784832,0.29623337128,0.38869157257,0.377847386127
0.355896499603,0.24277842149,0.293162588893,0.273518372296,0.33116780221,0.319399882958,0.394694546421,0.370844527193
0.339110438217,0.21788978818,0.279703272474,0.273543349,0.351198090749,0.346559420128,0.402055943001,0.365538599911
0.324018563213,0.188322384917,0.257821997329,0.265720111292,0.367285310339,0.375290585139,0.410429501485,0.366583127559
0.310262616947,0.15217224935,0.224443063909,0.24539179423,0.378222817055,0.40726285436,0.417577754288,0.37633464614
0.297629118474,0.103063750069,0.168685960519,0.195708595075,0.377480016792,0.44644270127,0.41413651629,0.403846226251
0.355206184102,0.0747648361259,0.148159940831,0.18008336629,0.530234446086,0.570189967642,0.528709327903,0.466728826649
0.282182886623,0.106654691105,0.209219967691,0.272460206431,0.471833486688,0.490689877835,0.473007847364,0.355485302433
0.232430930065,0.110053849922,0.237271400383,0.329049184096,0.474884227577,0.478055421701,0.453496379773,0.286802979662
0.180373436939,0.0969280638179,0.245266198457,0.373143784927,0.49252812834,0.487558489057,0.445905632971,0.226334389133
0.122796726547,0.0703256315674,0.236204159452,0.409593705517,0.515051669779,0.507927859923,0.44186838857,0.165650727593
0.0583542178417,0.0303084970245,0.210521696138,0.439623882236,0.543409170432,0.526004428766,0.435002420392,0.0983920840415
0.0840095949038,0.0565615668411,0.326992469989,0.498083222783,0.559227661631,0.555338848347,0.48210998239,0.114639261101
0.0539857858209,0.0394503224908,0.512238068479,0.637438562334,0.634303856803,0.64914771603,0.572016523734,0.0721399567193
0.112327081666,0.0869412987174,0.403846943223,0.527647852447,0.560738066994,0.542549350461,0.485428199201,0.133565192876
0.148337436986,0.119084367546,0.381662931691,0.488056645781,0.52902292114,0.488528394912,0.445400381584,0.165015911528
