0.7946392342,0.0,0.3189050081,0.5543925308,0.1020009793,0.4124827716,0.7614580707,0.8439336161
0.1829428215,0.1856992052,0.886689745,0.9111335809,0.858928418,0.1520806918,0.3437301991,0.4853041323
0.5548922322,0.6548981503,0.4598424299,0.0,0.6676433022,0.7423164104,0.5966706578,0.0
0.6536194043,0.6913569033,0.6459749369,0.6845452765,0.3970223856,0.0,0.6582529457,0.6954855453
0.458411915,0.6505103644,0.5454734112,0.0,0.6082507697,0.74720221,0.6712253766,0.0
0.7247809327,0.8410026557,0.0,0.3490219527,0.2217852025,0.0,0.5246848931,0.0
0.5374743378,0.6413936136,0.0,0.0,0.6850613589,0.7558210557,0.617808281,0.0
0.6864198776,0.001524614,0.4732715233,0.6118715748,0.426987746,0.0,0.7117486265,0.7875972898
0.6066103506,0.7223207944,0.068613763,0.3425691928,0.5433647591,0.6776781814,0.5449687024,0.0
0.3083593459,0.0,0.8918918916,0.0,0.2556551588,0.5207182942,0.3778115388,0.4672180398
0.222157596,0.6795629934,0.6802846954,0.2323134301,0.0,0.6702662433,0.6710089161,0.1783623985
0.4678952063,0.6566299692,0.5534322532,0.0,0.5987675084,0.7410827012,0.6632666347,0.0
0.870954222,0.9128989916,0.8821768248,0.1154038202,0.0,0.5390277012,0.37643395,0.082737197
0.7958857219,0.1711045004,0.3222329646,0.5525997222,0.4067132352,0.0,0.7668211839,0.8460764665
0.7579859204,0.0,0.365531078,0.5811796166,0.4446104546,0.0,0.3469545373,0.0
0.7948460885,0.8421580426,0.7552195301,0.0,0.4222897703,0.5555193595,0.310701374,0.0
0.3237254973,0.0,0.7974048329,0.848040413,0.1601885602,0.37008681,0.4011895691,0.5508533386
0.4098407378,0.0120539283,0.8042321503,0.8895780631,0.8701176156,0.4542216268,0.1104706355,0.4982651153
0.5031180592,0.6793595624,0.582993034,0.0,0.563544589,0.7183530967,0.6337058156,0.0
0.7178097703,0.1092521511,0.0,0.61405652,0.4960834849,0.0,0.6666396976,0.7838739473
0.0,0.7477672115,0.9005025223,0.0,0.3806608525,0.3926541568,0.4434670672,0.4542444204
0.0,0.4012700974,0.7637817103,0.7683410649,0.2324458744,0.2472609171,0.5802106957,0.588313151
0.8817581837,0.9236908988,0.9007488144,0.2228139826,0.0,0.5267179822,0.3844273906,0.0
0.7067599672,0.0,0.4729289598,0.5612583561,0.152315369,0.2943750003,0.795045969,0.8293932848
0.8950041664,0.9247986174,0.89225883,0.2456714079,0.0,0.527647839,0.3232601404,0.0
0.698752558,0.7628501856,0.6217633248,0.0,0.5342005219,0.6333106945,0.4151570611,0.1717994128
0.8016106087,0.8731684904,0.8363268964,0.1832209114,0.0,0.5768125413,0.45388654,0.0085236919
0.198534908,0.0956975492,0.874165925,0.9013115135,0.843336317,0.2420800889,0.35625384,0.4951261153
0.5323156515,0.7177307421,0.6518060877,0.0156360199,0.0,0.675868593,0.0,0.1651618046
0.3084197672,0.0,0.8517936286,0.8969097639,0.8565459607,0.0,0.285508773,0.5030105899
0.6394895887,0.0,0.42308314,0.430375619,0.0531715843,0.7670112344,0.4541717254,0.0
0.6349737193,0.0385031366,0.3604223343,0.7137069803,0.7038098671,0.2198207987,0.1958852386,0.6471709814
0.2833725852,0.0,0.4068252256,0.4351973325,0.3828058776,0.4123268749,0.0,0.8634082876
0.1720228536,0.0,0.4602617604,0.0,0.6958594181,0.7893461689,0.7080720874,0.4025364282
0.6826910303,0.0615252783,0.0,0.6143972304,0.4307162774,0.0,0.7083210462,0.7850716321
0.2917919211,0.0,0.8737591443,0.912933168,0.8798293242,0.0070002635,0.2560175476,0.4868847111
0.7761149907,0.8568689292,0.8152927131,0.0132207066,0.0,0.593112107,0.4749207233,0.1785238164
0.7068304657,0.0,0.3871732423,0.4032222473,0.0,0.7003334394,0.3195618376,0.0
0.5662881443,0.7382346828,0.6770988212,0.1556376158,0.0,0.6553646287,0.5748742701,0.0251602864
0.5114761773,0.6146676803,0.383906936,0.0,0.722788648,0.7813443771,0.1874417468,0.3590796144
0.6781899122,0.0,0.4902568508,0.594121729,0.0,0.0,0.7502389471,0.8011301413
0.8029366765,0.2511054742,0.3141771647,0.5472826026,0.3996628616,0.0,0.774875701,0.8513934561
0.4664377891,0.7593902786,0.7502139594,0.3358079559,0.1184232295,0.60245322,0.5872916702,0.0
0.5979240174,0.0,0.4404256206,0.7495186816,0.740859569,0.3174116359,0.1158845782,0.6113592636
0.5120180163,0.6543501099,0.6505802497,0.787549096,0.7364797617,0.0,0.3529508842,0.6065874173
0.7517258227,0.7925863953,0.6416434306,0.0,0.518344793,0.5976148454,0.3047834514,0.0
0.4760235183,0.6618752596,0.5602538823,0.0,0.5906393491,0.7358374098,0.6564449326,0.0
0.699466474,0.706314811,0.1248397092,0.1447813974,0.6432720787,0.6514008875,0.2022893103,0.2311664116
0.48279719,0.666246339,0.5659386596,0.0,0.5838655312,0.7314661405,0.6507601322,0.0
0.869504999,0.917335218,0.8941202256,0.161570804,0.0,0.5321962673,0.4008215321,0.0286956412
0.5191967203,0.1574434087,0.6104253172,0.8256154111,0.8195868661,0.524783116,0.0,0.5352626237
0.867861293,0.9162939313,0.8927865796,0.1515706811,0.0,0.533237554,0.4021552672,0.0386959064
0.0,0.3900658456,0.7593612473,0.7640059337,0.2224461022,0.2374540447,0.584631183,0.5926483044
0.0,0.8868121763,0.7696068431,0.0,0.5023952514,0.5407444671,0.3198483625,0.3722658743
0.698387015,0.7312290432,0.4861972017,0.2391852531,0.0,0.6487889441,0.0,0.0
0.8529723874,0.8575657628,0.2463961067,0.2699394324,0.0,0.5586451196,0.0092031047,0.6150758714
0.7439207675,0.8671168973,0.0,0.4139113909,0.3453719172,0.5119964639,0.4549275477,0.0
0.2623675165,0.0,0.3995453633,0.4282655794,0.4038109255,0.4323272522,0.0,0.8056989666
0.6499153899,0.0,0.4103161492,0.0,0.5374785088,0.758509772,0.7293004667,0.6876906402
0.8733444843,0.9130175383,0.8804282544,0.0259182952,0.0,0.5392479738,0.3666202897,0.1733368978
0.3453447504,0.3667962245,0.7030797224,0.7128091187,0.3574876244,0.0428212282,0.6359505161,0.0
0.3450352823,0.6245750318,0.0,0.1888866855,0.5896027858,0.7647608471,0.7202912301,0.0
0.2907728049,0.0,0.8748296602,0.9136716319,0.8808485061,0.0370003002,0.2549470317,0.4861463308
0.5292372885,0.6635107069,0.5189152381,0.4027036693,0.1460350214,0.7364540157,0.6232036524,0.0
0.6757186105,0.7447173211,0.5928426391,0.0,0.5572344096,0.6514433748,0.4440776687,0.0118008407
0.1950700907,0.1156979412,0.8769489284,0.9034941015,0.8468011488,0.2220802183,0.353470822,0.4929434221
0.7625852171,0.801658567,0.6573177747,0.0,0.5074853917,0.5885424909,0.2891091759,0.0
0.7853088672,0.0511032023,0.3343157539,0.5605755284,0.4172889974,0.0,0.7547387084,0.8381006982
0.3133505324,0.3628094036,0.8292120678,0.8771778329,0.8232936561,0.0,0.3363488539,0.5227352394
0.7864782682,0.8216191859,0.6918045308,0.0,0.4835924357,0.5685819574,0.2546223406,0.0
0.5965746309,0.7152369859,0.0586136153,0.335510466,0.5534005124,0.6847620853,0.5549691196,0.0
0.8744365288,0.920459093,0.8981213857,0.1915712973,0.0,0.5290723923,0.396820342,0.0
0.6206815388,0.6450281465,0.2579992758,0.1478162712,0.7054630909,0.7243679338,0.4238438913,0.0
0.366848325,0.7018970541,0.684008644,0.2821063837,0.2390274736,0.0,0.6454184568,0.0
0.6660099855,0.6877651249,0.6614818225,0.6808742597,0.6540107564,0.0,0.3736818772,0.691941837
0.7914101427,0.8395145627,0.7511199503,0.0,0.4257256278,0.5581630293,0.3148009108,0.0
0.263725434,0.0,0.8505321447,0.8878894033,0.220187798,0.4150900747,0.3480621804,0.5110043901
0.6785979192,0.7469840259,0.5964577337,0.0,0.5543551607,0.6491769542,0.4404624366,0.0318006569
0.2955277597,0.0,0.8698338503,0.9102259171,0.876092496,0.0,0.259944154,0.4895920714
0.6534776893,0.6665931146,0.7095902981,0.720581967,0.3819035427,0.0,0.6274830007,0.6415823534
0.4820736854,0.6500518689,0.6840829978,0.7966003131,0.7359730296,0.0,0.380284191,0.6010027804
0.7905973854,0.1111037696,0.3282743144,0.5565875286,0.4120012105,0.0,0.7607798789,0.8420885839
0.346432105,0.7052738481,0.6940336532,0.1864219684,0.2384287408,0.6565697482,0.643472083,0.0519766112
0.6725231847,0.6935422459,0.3594088584,0.0,0.6536214613,0.6758537344,0.3224343512,0.0
0.2701233438,0.8753102385,0.8641124256,0.5811215016,0.0,0.5534391916,0.5133356681,0.3302688977
0.2965467081,0.0,0.8687632654,0.9094875508,0.8750735147,0.0,0.2610146699,0.4903304377
0.6768296268,0.0,0.4007399133,0.4164336014,0.0061593967,0.7295486517,0.3858991253,0.0
0.1846752673,0.1756988803,0.8852981763,0.9100421499,0.8571958979,0.1620806271,0.3451216484,0.4863953841
0.4129676817,0.2435907025,0.0,0.8381702213,0.7836890894,0.0,0.3406490717,0.5608206414
0.2968864825,0.0,0.8684063577,0.9092414272,0.8747337436,0.0,0.2613714428,0.490576559
0.3383251089,0.0,0.4568543677,0.0,0.6994093331,0.7918050682,0.711479414,0.5225391816
0.0,0.7696501052,0.6326085526,0.0,0.5255627898,0.626510875,0.4043116025,0.2317988827
0.7039380521,0.7106844364,0.1348395553,0.1545534778,0.6388002394,0.6470311179,0.1922898949,0.2426060241
0.8776641221,0.9131000024,0.8765405094,0.0463098079,0.0,0.5393862289,0.3456024113,0.1536714113
0.5636013493,0.6616503723,0.4704111734,0.0,0.6589342283,0.7355640934,0.5861017911,0.0
0.5058276513,0.6811080899,0.5852669332,0.0,0.5608350034,0.7166046641,0.6314318587,0.0
0.8608962428,0.5601323129,0.0750473851,0.4754321296,0.3807371911,0.0,0.4342444207,0.0
0.0815877418,0.3069362681,0.6664676302,0.7483056093,0.6184026567,0.0,0.5366495918,0.6503406779
0.3541304872,0.0,0.4311647637,0.6077075841,0.4585874562,0.2450524776,0.0,0.0
0.3545904426,0.0,0.3146900451,0.0,0.7448614817,0.7868511478,0.6317336469,0.6264436788
0.538122574,0.568510665,0.8277464491,0.8390794492,0.6647530986,0.0,0.4976865467,0.5307350394
0.7001920707,0.7639835854,0.6235708814,0.0,0.5327608751,0.6321773894,0.4133495045,0.1817992369
0.8614223876,0.86103431,0.6622234177,0.0,0.5467834677,0.5455142503,0.286728386,0.284730736
0.6868299195,0.0,0.3962176766,0.4120298167,0.0,0.7198102773,0.3637867585,0.0
0.6917365778,0.0,0.482299851,0.5044525105,0.0,0.4848877517,0.0,0.8144349582
0.2938295615,0.0,0.8716180434,0.9114565307,0.8777911611,0.0,0.2581592701,0.4883613484
0.5251357098,0.6097694301,0.7919530873,0.8290326714,0.7114188782,0.0,0.4683804012,0.5631294212
0.6875462661,0.0,0.380635215,0.5911494562,0.4578303526,0.0036073941,0.5458683494,0.0
0.5689677821,0.532454994,0.5456639802,0.5733540563,0.1021002454,0.375624882,0.7818983352,0.7951908205
0.5999042561,0.6409735049,0.3053727642,0.0250384209,0.7076841758,0.7376900272,0.4924951791,0.0
0.5126011157,0.6854788801,0.5909516492,0.0439235327,0.5540614777,0.7122337748,0.625747112,0.0
0.2510506962,0.0,0.2939521682,0.4922864322,0.2696042459,0.3383913636,0.048211046,0.0
0.7043158399,0.2065751171,0.1077360474,0.4228905682,0.3646598858,0.5890672278,0.4645278378,0.0
0.5573807403,0.6568273837,0.4628622537,0.0,0.6651548092,0.7403869894,0.5936507604,0.0
0.10309716,0.6116122761,0.4704212158,0.0,0.6885731561,0.7879733787,0.7108949771,0.342220249
0.6642764535,0.0,0.4673306716,0.6554517831,0.5510073059,0.0,0.2151939494,0.7423724348
0.4730106041,0.3923716289,0.3713590612,0.0,0.8657689783,0.6464184989,0.0,0.4906253978
0.852925199,0.8633291937,0.2169945712,0.2723840242,0.0,0.5627778129,0.0984234667,0.5649819778
0.5362299571,0.6404288094,0.0,0.0,0.6863055773,0.7567856701,0.6193181874,0.0
0.8046100567,0.8750861223,0.8388015893,0.2032209291,0.0,0.5748949185,0.4514119078,0.0
0.4633645796,0.0964217661,0.7297755936,0.8610428054,0.8456002853,0.4905699867,0.0608014092,0.5170367341
0.5071822185,0.6819822091,0.5864037543,0.0039232922,0.5594804297,0.7157306358,0.6302949492,0.0
0.0,0.7704368899,0.5446642636,0.0,0.5663323718,0.6053403454,0.2171969056,0.2570984439
0.7158962396,0.0,0.4665432953,0.0,0.1883547201,0.3243747125,0.8014315554,0.8347087763
0.6059893864,0.7247849556,0.6154693885,0.0,0.5349590278,0.6751704725,0.5461481952,0.0
0.6226848712,0.7253272608,0.5997468054,0.0,0.5527426251,0.6744117181,0.5255526191,0.0
0.2890748041,0.0,0.8766138566,0.9149022432,0.8825470297,0.0870003975,0.253162286,0.4849157172
0.2102679028,0.2814222748,0.0,0.8386085659,0.7166671,0.0,0.4673839873,0.5501547044
0.5431936016,0.6396854474,0.4239068557,0.0,0.6910711162,0.7563266519,0.1474409407,0.3275282104
0.6598828229,0.7322509711,0.5729597249,0.0,0.5730701972,0.6639097141,0.4639606423,0.0
0.1297580305,0.618462367,0.6086812891,0.0,0.4078443478,0.7399194051,0.7332520295,0.3135265959
0.7123747568,0.3738383189,0.4727713237,0.5351848623,0.1272616421,0.0,0.8262431779,0.8468125253
0.1933375334,0.1256981713,0.8783405715,0.9045854378,0.8485337287,0.2120802829,0.3520793727,0.4918520859
0.6969849976,0.0,0.4635596372,0.6047155541,0.4164236441,0.0,0.7214597058,0.7947533204
0.4576191888,0.4959177038,0.5332690321,0.5662257393,0.0,0.3791289052,0.7424541248,0.0
0.4206800302,0.0,0.4266500715,0.0,0.7159121947,0.7931891985,0.6986281655,0.6024521511
0.5389728384,0.6574327887,0.6108407556,0.77752688,0.7359487993,0.0,0.320537393,0.6115673344
0.5511229373,0.6459398846,0.433906789,0.0,0.6831417694,0.7500722147,0.1374407318,0.319640359
0.6886752089,0.7549171504,0.6091105776,0.0,0.5442777218,0.6412438243,0.4278098083,0.1018000456
0.3283740036,0.5219935428,0.4003717491,0.0,0.7944373224,0.4547685201,0.1323100391,0.4645988595
0.7401035366,0.0,0.4141797347,0.5821482861,0.0,0.1863088826,0.7445995285,0.8178288733
0.7384900233,0.0,0.4157657227,0.5832790025,0.0,0.0563059093,0.7430145421,0.8166981527
0.6937823246,0.835806996,0.8129956359,0.3206824586,0.1550032351,0.5469154985,0.4839682253,0.0
0.7782578655,0.0,0.3423715986,0.56589274,0.4243398825,0.0,0.0419540388,0.8327834294
0.4638999443,0.5771410916,0.3239071048,0.0,0.770364859,0.0,0.2474430003,0.4064066206
0.7319324341,0.8788216245,0.0,0.4045036016,0.3882035445,0.4770551458,0.4627410895,0.0
0.1664120525,0.2688362017,0.0390292688,0.404594515,0.7599129842,0.7625208181,0.64177106,0.645662043
0.2381128218,0.6203638468,0.0,0.1892661333,0.5063428305,0.7540186083,0.7314409151,0.1670700014
0.781303702,0.8562930084,0.8101891864,0.0052869534,0.0,0.5948319107,0.4648465348,0.1902188628
0.7676645416,0.0,0.267955897,0.3279638411,0.5503034148,0.5871664686,0.1679883953,0.2849480907
0.0,0.349912229,0.8545023095,0.0,0.347413014,0.4517925378,0.4187426463,0.5117131095
0.4037256458,0.0,0.7265683119,0.7949084469,0.0801896025,0.3100826336,0.4720262936,0.6039853524
0.7657249274,0.0,0.2426864049,0.3615750965,0.5095150647,0.5865150854,0.2761129005,0.0
0.0,0.3172022347,0.7859159113,0.805497275,0.2694567273,0.3362763528,0.5274077119,0.5706336192
0.373562745,0.461526716,0.8046661288,0.8710493126,0.8289913386,0.0,0.284455121,0.527629357
0.6634172392,0.0,0.4718984376,0.0,0.5870385004,0.7292136571,0.6429953361,0.744703537
0.4469365417,0.4291132607,0.3885296721,0.0,0.8769226458,0.6451418694,0.0,0.483643635
0.7026954308,0.0,0.3796283174,0.5904848028,0.4569491265,0.0,0.532607416,0.0
0.2911125432,0.0,0.8744729597,0.9134256036,0.8805088665,0.0270002794,0.2553038046,0.4863924521
0.6266820934,0.7364886973,0.0886141258,0.3566866465,0.5232930499,0.6635103739,0.5249673281,0.0
0.7715722855,0.3449101538,0.0648811883,0.5830702158,0.5557540965,0.0,0.5493357241,0.7856180076
0.7826648974,0.0211027585,0.3373370926,0.5625693935,0.4199330793,0.0,0.7517183385,0.8361067569
0.7715722855,0.3449101538,0.0648811883,0.5830702158,0.5557540965,0.0,0.5493357241,0.7856180076
0.7916878216,0.0,0.3223334276,0.4092534279,0.1478557858,0.4424833792,0.7580297958,0.8416906223
0.6345061436,0.6579652638,0.2850418735,0.1078179784,0.6916384752,0.7114308165,0.396801421,0.0
0.0,0.2582978622,0.8339979569,0.0,0.3174133892,0.4265912795,0.4392469865,0.5289378845
0.5300086769,0.6356051448,0.0,0.0493482744,0.6925270502,0.7616093255,0.626868102,0.0
0.144316233,0.2614712541,0.6971501441,0.7386144921,0.5257260389,0.0,0.5909574676,0.646961174
0.6526847677,0.726584546,0.5639219569,0.0,0.5802681482,0.6695764153,0.4729980269,0.0
0.3173311581,0.3765312401,0.0,0.8622866626,0.7250856799,0.0,0.4664610461,0.5127287461
0.6570035145,0.7299844584,0.5693445709,0.0,0.5759494462,0.6661765056,0.4675754758,0.0
0.0,0.1594061253,0.6290206705,0.7178494715,0.5683511784,0.0881007877,0.5798322366,0.6804388743
0.7491718654,0.0,0.3756003323,0.5878262144,0.4534239353,0.0,0.4795637948,0.0
0.7270909337,0.6304291953,0.5692128067,0.6206368819,0.5577985785,0.0,0.5791469315,0.7658721502
0.4217715418,0.0,0.5423439385,0.584974526,0.2031849566,0.2774083789,0.0,0.0
0.8902220472,0.0,0.1832756225,0.4054063991,0.1334867867,0.5321733812,0.318227193,0.0
0.2213954588,0.3135204398,0.0,0.8464014588,0.7115704808,0.0,0.4732594295,0.5355836078
0.1858812868,0.0,0.4599778,0.0,0.6961552501,0.7895512519,0.7083560478,0.4125366573
0.2667631876,0.3535202461,0.0,0.8562771958,0.7301152388,0.0,0.4620584484,0.5257077724
0.3037255329,0.0,0.8151139158,0.8613234098,0.1801884435,0.385087962,0.3834805179,0.5375703418
0.2374868401,0.0,0.858870912,0.8918341752,0.1306430918,0.3336971779,0.3555302046,0.5060578381
0.5493018067,0.7279827117,0.66445243,0.0856368793,0.0,0.6656166067,0.5875206613,0.0951609975
0.7911120837,0.8664567856,0.8276655927,0.1132208313,0.0,0.583524246,0.4625478437,0.0785237245
0.7897160248,0.101103794,0.3292813196,0.557252274,0.412882634,0.0,0.7597730889,0.8414239336
0.6511916949,0.852151995,0.8507108185,0.2724464418,0.2653548752,0.0,0.5537418353,0.0
0.208929657,0.0356965256,0.8658168111,0.8947634652,0.1101074765,0.30207968,0.364603133,0.5016741636
0.5669817718,0.6584487879,0.4539068587,0.0,0.6672829943,0.7375633077,0.1174403232,0.3038646579
0.271442211,0.0,0.3251860854,0.4908410506,0.2281912575,0.3470153628,0.0101733563,0.0
0.750662245,0.7855884547,0.6131769911,0.0,0.5354934381,0.6005594721,0.2793636741,0.0
0.5387183029,0.6423580428,0.0,0.0,0.6838172315,0.7548564367,0.6162984849,0.0
0.6567893532,0.7577403133,0.1186145688,0.3778628266,0.4931857226,0.6422586626,0.4949659069,0.0
0.6845554013,0.03152495,0.4749853134,0.6131343996,0.4288519415,0.0,0.7100348686,0.7863344629
0.5377207055,0.1187794716,0.5704253916,0.8077102327,0.8010628045,0.4759898687,0.0,0.553167729
0.7518792181,0.8528866177,0.0139180599,0.4153420147,0.2881332922,0.5393392585,0.4391102411,0.0
0.4767596606,0.6445375866,0.7125795199,0.8047413993,0.7342934184,0.0,0.4035407025,0.5947965451
0.6433754392,0.0,0.4866627263,0.0,0.6012850774,0.7480291409,0.6778925284,0.7210281062
0.5499157203,0.6510395005,0.4538032328,0.0,0.6726198725,0.7461748795,0.602709934,0.0
0.7098055163,0.0,0.4708002904,0.5594865367,0.1643285042,0.3043749154,0.7971745056,0.8311652148
0.4314949128,0.4571221078,0.4185297024,0.0,0.8186417382,0.6901447592,0.0,0.4692268689
0.4603110918,0.0,0.3957392175,0.6011192259,0.4710505197,0.1536088454,0.6933211918,0.0
0.6152759107,0.0,0.4887973433,0.7172060375,0.6715593564,0.2244116562,0.4011947235,0.6687448308
0.4665404318,0.655755754,0.552295194,0.0,0.6001223873,0.7419569175,0.6644036055,0.0
0.7932415301,0.1411040978,0.3252536036,0.5545936666,0.4093570658,0.0,0.7638005358,0.844082522
0.515965386,0.6138555466,0.3736012312,0.4359629815,0.0850261948,0.6811853243,0.6451197555,0.0
0.7715722855,0.3449101538,0.0648811883,0.5830702158,0.5557540965,0.0,0.5493357241,0.7856180076
0.7715722855,0.3449101538,0.0648811883,0.5830702158,0.5557540965,0.0,0.5493357241,0.7856180076
0.5886619766,0.0124536164,0.4604255726,0.7584712342,0.7501216099,0.3418082596,0.0958843666,0.6024067274
0.2931502494,0.0,0.8723317207,0.9119486804,0.878470437,0.0,0.2574457968,0.4878692011
0.0767710072,0.4778082824,0.3860618807,0.6527476915,0.5907934303,0.0,0.5321162855,0.551712609
0.4778833224,0.5045266215,0.4966654163,0.5223502708,0.0,0.5425235055,0.7019731263,0.0
0.3853459995,0.2548294173,0.0,0.8380657423,0.7727984322,0.0,0.3754848777,0.5619152602
0.8375321874,0.3323961865,0.1279205215,0.5256250752,0.4549012332,0.4360771766,0.3520028641,0.0
0.6564238507,0.6920652749,0.6517656,0.6852692263,0.6440801949,0.0,0.4266971176,0.696184387
0.4800875979,0.6644979064,0.563664645,0.0,0.5865751533,0.733214763,0.6530340892,0.0
0.396683187,0.0,0.2429224849,0.4868333264,0.3031296693,0.2079152185,0.8111953099,0.0
0.8038181314,0.261105575,0.313170303,0.5466179555,0.3987813664,0.0,0.7758825269,0.8520581984
0.5966524978,0.0,0.3866767173,0.5951372753,0.4631184625,0.0636077614,0.6254335998,0.0
0.4570573049,0.6496363402,0.5443366478,0.0,0.6096054712,0.7480764242,0.6723622708,0.0
0.6599956838,0.0,0.4215855731,0.6781894597,0.624862453,0.0,0.2359284015,0.7083286359
0.2327373952,0.3235203681,0.0,0.8488703945,0.7162066703,0.0,0.4704591392,0.5331146664
0.535965319,0.6298107338,0.3994836119,0.4236339937,0.0650263664,0.7652783384,0.6192373937,0.0
0.0,0.3193740599,0.8476675343,0.0,0.337413139,0.4433920235,0.4255774557,0.5174546162
0.4337257517,0.0,0.7000045907,0.7749839279,0.0501902054,0.2875809534,0.4985899337,0.6239098446
0.5146007165,0.6702172812,0.55119912,0.3950763918,0.1767603183,0.0,0.6316352491,0.0
0.5996007805,0.7439736874,0.6695522735,0.1905786068,0.0,0.6532842758,0.5525013922,0.0011953142
0.8469756662,0.858788961,0.7126423486,0.0,0.53272436,0.5687972511,0.231096406,0.2904545645
0.5238277307,0.1477774632,0.6004252795,0.821139037,0.8149559422,0.5125848042,0.0,0.5397388918
0.7518160101,0.0,0.3725797471,0.5858322731,0.4507798534,0.0,0.4397809767,0.0
0.3568482477,0.697188853,0.6790178836,0.2915402465,0.2490274229,0.0,0.6504092278,0.0
0.2420879123,0.4627312215,0.5633306277,0.6904537315,0.5611348038,0.0,0.5902613242,0.0
0.6826059913,0.0413810072,0.4730934976,0.619567629,0.0,0.2107229835,0.6957098778,0.7802991018
0.7310255539,0.0,0.4317359258,0.5821088756,0.3843964087,0.0,0.2349142122,0.2852417688
0.7105762353,0.642207639,0.5643548514,0.6299290411,0.5494046753,0.0,0.5990999007,0.7622981754
0.5085369747,0.6828563283,0.5875407404,0.0139234474,0.5581255639,0.7148562316,0.6291579784,0.0
0.4137257557,0.0,0.7177137547,0.7882669247,0.0701899143,0.3025820098,0.4808809182,0.6106268507
0.3685026535,0.6863059373,0.6580868687,0.3269236271,0.2663754951,0.0,0.6596128535,0.0
0.8503948121,0.0,0.2401849874,0.5130708405,0.3703734718,0.4812267826,0.3291965028,0.0
0.751827559,0.0388098505,0.3782437947,0.584083256,0.0,0.2111383874,0.7235072515,0.8150433514
0.6742838445,0.6825384968,0.669867796,0.6755321541,0.66258186,0.0985372174,0.3079564726,0.6867850956
0.5775211719,0.6718196413,0.0848368784,0.2891035823,0.6463344621,0.7252735182,0.5689994466,0.0
0.7895612039,0.0,0.2614061577,0.0749800942,0.2299115858,0.5468520658,0.7046822566,0.8262243639
0.6626787724,0.439763491,0.5016668923,0.5512537493,0.1264756185,0.3663846356,0.8075630491,0.8267115822
0.6483304143,0.6709023848,0.312084472,0.0678197764,0.6778142073,0.6984936955,0.3697589083,0.0
0.6829166958,0.7503838409,0.601880407,0.0,0.5500362946,0.6457770391,0.4350400347,0.0618003918
0.6677531247,0.6819671923,0.3040781201,0.0,0.6673749334,0.681605135,0.1698803034,0.2053941467
0.1970165354,0.4072710924,0.8485579158,0.8693015542,0.7628786039,0.0,0.4395128545,0.5162850929
0.2551738492,0.0,0.4585581659,0.0,0.6976343412,0.7905757129,0.7097755801,0.462537803
0.5139558289,0.6863531893,0.5920886047,0.0539236879,0.5527066849,0.7113593706,0.6246101872,0.0
0.7174007316,0.0,0.417412505,0.6093654493,0.4747398368,0.0,0.2621238978,0.0
0.5840308596,0.0221197066,0.4704256103,0.7629475023,0.7547526403,0.3540066609,0.0858840942,0.5979304429
0.4106803744,0.4810065737,0.4283618365,0.0,0.793150012,0.6877284217,0.0,0.4649533585
0.0,0.4041818802,0.7863215578,0.7975730952,0.2784692527,0.3164624485,0.5447735194,0.5687440961
0.8651962609,0.9122025497,0.8849182716,0.0132800082,0.0,0.5385869017,0.3951971549,0.1811223301
0.509891731,0.6837306375,0.5886778726,0.0239235075,0.5567709172,0.7139820174,0.6280209923,0.0
0.8914415333,0.9209669788,0.1420672549,0.3754057574,0.0897665199,0.5312855016,0.316933106,0.0
0.3744433206,0.4715266537,0.8036602988,0.8703853347,0.8281106912,0.0,0.2854610318,0.5282934299
0.2989242874,0.0,0.8662653259,0.907764697,0.8726954456,0.0,0.263513231,0.4920532127
0.5259653525,0.6218331505,0.3865424121,0.4297984765,0.0750263183,0.7292679437,0.6321785978,0.0
0.2310899082,0.1919164564,0.1303870864,0.3289283614,0.7581516225,0.7705036958,0.6229801353,0.6422358633
0.4603337145,0.0864217145,0.7350800215,0.863770417,0.8486311031,0.5005699233,0.0554968098,0.5143090179
0.8705500814,0.0,0.3959054738,0.4247999665,0.4143132779,0.4423274019,0.0,0.7768443649
0.1670586615,0.617483481,0.0,0.1861452785,0.4484754379,0.7467201775,0.734779437,0.2774641811
0.5465976331,0.5712634773,0.5614849093,0.5853408716,0.1151396959,0.3520215374,0.7688777725,0.7814513038
0.136271431,0.4516177937,0.8291526678,0.8450597767,0.694590866,0.0,0.4833473588,0.5314513024
0.5444487092,0.725053582,0.6608392883,0.0656366474,0.0,0.66854576,0.5911338506,0.1151611316
0.8906287223,0.9203752497,0.1695394197,0.3954061862,0.1189134543,0.5318775167,0.3177957755,0.0
0.8178337979,0.816995172,0.5532221463,0.0,0.5342088639,0.5320646752,0.0,0.5650244171
0.7715722855,0.3449101538,0.0648811883,0.5830702158,0.5557540965,0.0,0.5493357241,0.7856180076
0.1873697073,0.2835205163,0.8173879163,0.8389946803,0.6976618715,0.0,0.4816601773,0.5429903108
0.6360051254,0.6545976778,0.0,0.1557572534,0.6957469017,0.7112878225,0.3795035061,0.0
0.4611215254,0.652258892,0.5477474258,0.0,0.6055412937,0.7454537785,0.668951435,0.0
0.6148304798,0.6762970761,0.5389928395,0.6610056965,0.5006559907,0.0,0.6444017091,0.7385164184
0.7262964753,0.7325333862,0.1848389897,0.2034135023,0.6164420098,0.625182168,0.1422922519,0.299803785
0.0,0.2892269051,0.7195771351,0.7249896593,0.1324472404,0.1491922457,0.6244152734,0.6316645616
0.6367178466,0.7435726011,0.0986142735,0.3637453729,0.5132572966,0.6564264701,0.5149668432,0.0
0.4306325884,0.0107693132,0.7837130787,0.8860524698,0.8715908691,0.5530464209,0.0409818401,0.4947557638
0.4417893394,0.4384495376,0.3985297105,0.0,0.8574957331,0.6601427721,0.0,0.4788380536
0.7694439137,0.0,0.3524412744,0.5725392521,0.4331529548,0.0,0.1745624663,0.8261370504
0.5765029558,0.7010691784,0.03861332,0.3213930126,0.5734720864,0.6989298928,0.5749702241,0.0
0.2589900137,0.8821474069,0.866021763,0.5169948129,0.0,0.5542823162,0.4932951856,0.3481780648
0.6316811717,0.6894988376,0.6193067933,0.679066811,0.4381330974,0.0,0.6559403603,0.7099496818
0.4421486423,0.0264209869,0.7669067546,0.8801366892,0.8668161517,0.5605700946,0.0236702541,0.4979427457
0.4004958468,0.0,0.2281684859,0.4859513194,0.312954996,0.1972518306,0.8006485784,0.0
0.7956113835,0.8693332312,0.8313775713,0.1432208578,0.0,0.5806478005,0.4588358803,0.0485235939
0.5541550999,0.7309118413,0.6680657146,0.1056371095,0.0,0.6626874701,0.5839073767,0.0751607657
0.5420220697,0.7235890304,0.6590326271,0.0556364852,0.0,0.6700102811,0.5929404642,0.1251614389
0.8930676617,0.9221509107,0.0871227907,0.3354049027,0.0314725776,0.5301017632,0.3152077284,0.0
0.0,0.3361871168,0.6107788865,0.7476444666,0.6704909039,0.0,0.4606216095,0.6502883879
0.593293007,0.0027876605,0.4504255966,0.7539949497,0.7454905995,0.3296099477,0.1058842593,0.6068829955
0.7907424644,0.326821135,0.1460779139,0.2181314236,0.2063668859,0.5969172774,0.6265883903,0.8103461416
0.0371588418,0.7692885012,0.7789637754,0.0,0.4196855516,0.5231122877,0.3058627624,0.4295753019
0.1817981968,0.3236555539,0.8457542737,0.87254276,0.7831947339,0.0,0.4178920717,0.5189890228
0.6903539594,0.0,0.4474112464,0.6294800466,0.5017866409,0.0,0.2321232707,0.7697170744
0.4148639206,0.0,0.3987598655,0.6031131735,0.4736946644,0.1836091941,0.0,0.0
0.463830751,0.6540072264,0.5500212331,0.0,0.6028318907,0.7437053469,0.6666775547,0.0
0.5392345647,0.5781608686,0.836582416,0.8408510076,0.6385716594,0.0,0.5049372454,0.5178683837
0.650764215,0.0,0.4267548833,0.6881540725,0.6416438294,0.0,0.2241976108,0.6960906768
0.751827559,0.0388098505,0.3782437947,0.584083256,0.0,0.2111383874,0.7235072515,0.8150433514
0.2024318399,0.5116211852,0.8478465897,0.8620130804,0.7280083617,0.0,0.4646534369,0.5144978086
0.7715722855,0.3449101538,0.0648811883,0.5830702158,0.5557540965,0.0,0.5493357241,0.7856180076
0.3097810629,0.0,0.8503866137,0.8959311652,0.8551840681,0.0,0.2869157194,0.5039891941
0.4158184781,0.0,0.5314482806,0.5927469998,0.2528014378,0.2766397623,0.0,0.0
0.7738509367,0.0,0.3474061585,0.5692159976,0.4287464972,0.0,0.108258616,0.8294602859
0.7189417106,0.0,0.464414704,0.0,0.20036791,0.3343746443,0.8035601701,0.8364805957
0.4527111737,0.6273950556,0.0,0.1727107538,0.6653891033,0.7721905776,0.6893760655,0.0
0.6534170391,0.0,0.4834658997,0.0,0.5970391138,0.7357711973,0.6516405776,0.7371184753
0.1461374241,0.2471231818,0.6991106165,0.7346965846,0.5017615438,0.0,0.5999663071,0.6472780512
0.0,0.3400517779,0.1479205999,0.5365041555,0.4674024182,0.4186726181,0.3320034983,0.0
0.7659183141,0.0,0.3564687573,0.5751978436,0.4366783974,0.0,0.2276063703,0.8234784557
0.7636452125,0.2449487746,0.1577377726,0.4552312721,0.3053308663,0.5506936735,0.4145245614,0.0
0.7882423373,0.8123110685,0.644444759,0.0,0.5134079351,0.568714629,0.1829792272,0.0
0.8519438997,0.8680842331,0.1838325236,0.2728071352,0.0,0.5661987465,0.1709154373,0.4927153909
0.1347962507,0.2371232059,0.696309836,0.7322269932,0.4971236346,0.0,0.6027671739,0.6497476543
0.2054647654,0.0556969176,0.8685998292,0.896946148,0.0846064063,0.2820798094,0.3618199955,0.4994914808
0.5284587612,0.1381114506,0.5904253035,0.8166627689,0.8103248453,0.5003864924,0.0,0.5442151763
0.7685624902,0.0,0.353447885,0.5732039023,0.4340342527,0.0,0.1878235432,0.8254724033
0.3608352036,0.0069691462,0.8336710543,0.8941437871,0.8639006848,0.0,0.2188675787,0.5028662903
0.751827559,0.0388098505,0.3782437947,0.584083256,0.0,0.2111383874,0.7235072515,0.8150433514
0.3861890227,0.6980567433,0.6726185101,0.0078295016,0.0,0.6747740794,0.6473742508,0.187797106
0.3845650259,0.0,0.4007735262,0.6044424677,0.4754574485,0.2036099002,0.0,0.0
0.4896572471,0.7105660057,0.6583143585,0.0,0.0,0.6777919496,0.0,0.1881572145
0.4434105334,0.7050088911,0.6663811539,0.0,0.0,0.6764568207,0.0,0.1890577829
0.6387531019,0.7242119223,0.5762194976,0.0,0.5728341512,0.6738872621,0.4988897324,0.0
0.7562229479,0.0,0.3675454025,0.5825089997,0.4463730592,0.0,0.3734760451,0.0
0.4706045114,0.6583782087,0.5557060298,0.0,0.5960582281,0.7393342707,0.6609927544,0.0
0.4004081519,0.5784934224,0.4073507916,0.4723785117,0.2581504831,0.0,0.7490193119,0.0
0.0667484983,0.1771233412,0.6795048758,0.7174096693,0.0,0.0228695634,0.619572052,0.6645650128
0.6915544278,0.7571836658,0.6127255382,0.0,0.5413986072,0.6389772196,0.4241947696,0.1217999565
0.857763723,0.0,0.2377399642,0.5069764227,0.3575582042,0.4892966663,0.3345206348,0.0
0.293875195,0.0,0.4104651567,0.4386631052,0.3723033536,0.4023267097,0.0,0.8922628268
0.7282396189,0.0,0.4569926643,0.0,0.2198260009,0.3553065165,0.806667839,0.8402408114
0.1305694661,0.4765578434,0.4419964599,0.6640530644,0.5863547062,0.0,0.550472386,0.4403752729
0.5194055724,0.6209221412,0.3939069214,0.0,0.714859242,0.7750899636,0.1774415675,0.3511918587
0.4300130135,0.0,0.3977528692,0.6024485264,0.4728133666,0.1736090821,0.0,0.0
0.5933324065,0.6546784965,0.1309645508,0.2620589316,0.6859627213,0.7333355006,0.5280809729,0.0
0.5793998492,0.0317857073,0.4804255245,0.7674237705,0.7593836507,0.3662048832,0.0758840348,0.5934541584
0.6664816239,0.0,0.4115850839,0.6726255087,0.6183764847,0.0,0.2459280771,0.7138924638
0.8082251476,0.3111059321,0.3081351152,0.5432946884,0.3943749334,0.0,0.7809167728,0.8553813371
0.6052134807,0.6350285579,0.1618767364,0.2251737059,0.7157976569,0.7372613796,0.463509473,0.0
0.5985595879,0.6761429498,0.4668810682,0.0,0.6503578195,0.7179305157,0.1048704225,0.277865432
0.4516384324,0.6461394788,0.5397887376,0.0,0.6150243319,0.7515730962,0.6769099389,0.0
0.7715722855,0.3449101538,0.0648811883,0.5830702158,0.5557540965,0.0,0.5493357241,0.7856180076
0.751827559,0.0388098505,0.3782437947,0.584083256,0.0,0.2111383874,0.7235072515,0.8150433514
0.283725537,0.0,0.8328230303,0.8746064123,0.2001879861,0.4000889235,0.3657713402,0.5242873631
0.3685801403,0.0,0.5407922995,0.5442260509,0.3276029294,0.3326307621,0.0,0.0
0.5815034766,0.0,0.3876837495,0.5958020175,0.4639998231,0.0736078734,0.6386945421,0.0
0.0522734449,0.3183884891,0.6513031557,0.7492147897,0.6391615027,0.0,0.5143224821,0.6506973453
0.0,0.7783916024,0.4948118628,0.0,0.5692951508,0.5798263395,0.2583346457,0.2764692737
0.164957366,0.6106948432,0.5597418936,0.0,0.5674299287,0.7707604405,0.7407571332,0.2616003866
0.6066841191,0.7252703165,0.6161473961,0.0,0.5342642951,0.674685398,0.545470051,0.0
0.4694262862,0.1164222393,0.7191665929,0.8555873855,0.8395386379,0.4705697456,0.071410135,0.5224921415
0.8011739239,0.2311051598,0.3161909689,0.5486119126,0.4014254573,0.0,0.7728619775,0.8500642571
0.7846456569,0.8457653604,0.779040843,0.0,0.3775189296,0.5541851389,0.3613182684,0.0
0.751827559,0.0388098505,0.3782437947,0.584083256,0.0,0.2111383874,0.7235072515,0.8150433514
0.7025781105,0.0,0.458418208,0.600927183,0.4108305606,0.0,0.7266010438,0.7985418109
0.7996175083,0.814750458,0.6217345278,0.0,0.5213942767,0.5575388348,0.0965283908,0.0
0.0,0.7963364703,0.7773232308,0.0,0.4293852658,0.5101916657,0.3359581169,0.4299944223
0.7926715428,0.0,0.3211906659,0.5430377761,0.1325710189,0.4324831791,0.7591728365,0.8424381941
0.7264164204,0.0,0.4074127685,0.6026605535,0.4657240772,0.0,0.2721242758,0.0
0.2948487434,0.0,0.8705474585,0.9107181621,0.8767720416,0.0,0.2592299242,0.48909991
0.8892442922,0.9245903016,0.8971709592,0.2352105754,0.0,0.5275248219,0.3557294276,0.0
0.366517384,0.381527205,0.8127136034,0.8763619838,0.836036675,0.0,0.2764076464,0.5223167809
0.5193749884,0.6898501577,0.5966364878,0.0939238168,0.547287952,0.7078625221,0.6200623653,0.0
0.7016317175,0.7651167903,0.6253784007,0.0,0.5313212581,0.6310440844,0.4115419478,0.1917992504
0.5345698394,0.0,0.395504079,0.0,0.6290264904,0.6485773674,0.770593728,0.7826835783
0.6759793801,0.6967766231,0.3661695824,0.0,0.6501653454,0.6726194498,0.3156736281,0.0
0.7833931164,0.8333463494,0.7415541908,0.0,0.4337425928,0.5643311434,0.3243665333,0.0
0.3240874392,0.5995382388,0.0522513645,0.4713164168,0.3826549254,0.1505964685,0.7868590401,0.1353696892
0.6366708638,0.0,0.4277157925,0.70485944,0.6715148692,0.2095468546,0.3670108339,0.6735524968
0.7587085304,0.7741917109,0.5279748325,0.0,0.567443562,0.5951998111,0.1538133943,0.3019111263
0.7538322075,0.6023340833,0.5740930742,0.599792883,0.5713714337,0.0,0.5216760024,0.7701550647
0.298584582,0.0,0.8666220988,0.9080108159,0.8730350852,0.0,0.2631563924,0.4918072679
0.0097656236,0.5208718543,0.4850079467,0.4972265945,0.4595927778,0.0,0.738719268,0.5246959826
0.7084097368,0.7150542059,0.1448396145,0.1643254691,0.6343287483,0.6426613313,0.1822904795,0.2540453798
0.5360561619,0.0,0.3907043706,0.5977960603,0.4666440306,0.1036082221,0.6784774948,0.0
0.2951884159,0.0,0.8701906199,0.9104721361,0.8764324711,0.0,0.2595866937,0.4893459477
0.7927269371,0.8293553484,0.7112264863,0.0,0.4687133939,0.5626002623,0.2598099026,0.0
0.6147647251,0.6209248274,0.1188498096,0.3225479435,0.7303992161,0.7347103732,0.383341112,0.1379515917
0.7821135079,0.8607038991,0.8202416354,0.0532207601,0.0,0.5892771371,0.4699718313,0.1385237391
0.6820695382,0.0715253864,0.0,0.6148181647,0.4313377695,0.0,0.7077498366,0.7846506858
0.6210806881,0.0019082012,0.3904222622,0.727135801,0.7177029384,0.2564158237,0.1658848411,0.6337421606
0.7334395912,0.8363452736,0.0,0.362299183,0.2031366883,0.0,0.5144300393,0.0
0.5872530751,0.681835409,0.5686223716,0.6674740624,0.4831474532,0.0,0.6498565365,0.7300932222
0.5349859184,0.6394642807,0.0,0.0093489067,0.6875497047,0.7577502891,0.6208279651,0.0
0.0,0.3408484875,0.1432554475,0.5500141111,0.4938211949,0.3888052038,0.3124807218,0.0
0.7897201924,0.0,0.3246188887,0.1416825634,0.1784257531,0.4624837796,0.7557444793,0.8401952954
0.3231742894,0.0,0.4076717073,0.466617943,0.2952750077,0.3654062429,0.0,0.9113499751
0.5847595291,0.6429311175,0.3558263481,0.0,0.7013864197,0.7432196497,0.536752816,0.0
0.8773419144,0.9128712135,0.8762153008,0.0963096624,0.0,0.5396153037,0.3459275359,0.1036717237
0.496430223,0.6757534016,0.5790740777,0.3855631115,0.202358885,0.0,0.6389203882,0.0
0.6118017613,0.0,0.3856698825,0.5944727233,0.462237039,0.0536076494,0.6121724511,0.0
0.5262761452,0.6327113965,0.0,0.0793482722,0.6962594931,0.7645031779,0.6313976557,0.0
0.1762662294,0.6081890081,0.5569080538,0.0,0.5721583349,0.7732664838,0.7435908994,0.2716005508
0.1472981503,0.4616183627,0.8322683331,0.8478852681,0.7001604098,0.0,0.4802316935,0.5286257321
0.0780897045,0.1871233427,0.6823057257,0.7198792116,0.0,0.0128696834,0.6167712472,0.6620954818
0.539595569,0.7221244454,0.6572259846,0.0456364662,0.0,0.6714748424,0.5947470591,0.1351614561
0.7607560815,0.766602826,0.4679210225,0.0,0.581381158,0.591611395,0.0689907135,0.3852359334
0.1007723337,0.2071232533,0.6879073557,0.7248183312,0.0,0.0,0.611169658,0.6571563451
0.6620335387,0.717660516,0.5122039898,0.0,0.6080267472,0.6725429067,0.4342545472,0.0
0.0,0.3711600766,0.0,0.5455981525,0.5299116655,0.3505692003,0.3281501374,0.0
0.6580314617,0.0,0.4894231447,0.0,0.5994563276,0.723159996,0.6422524746,0.7527385694
0.6442635641,0.6696035416,0.5374215182,0.6540540626,0.5156514702,0.0,0.6370031594,0.7459153243
0.644874293,0.6676680113,0.305323748,0.0778192823,0.6812703286,0.7017279764,0.3765195464,0.0
0.8185332045,0.902689748,0.8891645366,0.5972881935,0.0,0.5340449701,0.4692816099,0.2006175523
0.5671489798,0.0246043319,0.5710745805,0.6443052572,0.0377074913,0.2020000297,0.6946787528,0.7468063753
0.5933732122,0.6602962466,0.4130838522,0.0,0.6766955939,0.7299053436,0.5333496237,0.0
0.2564284353,0.6646867472,0.6518986459,0.0,0.3284323701,0.6971568431,0.6856070852,0.1640154736
0.4542720317,0.0664215194,0.7456888981,0.8692258369,0.854692786,0.5205698884,0.0448879185,0.5088535855
0.5412065577,0.6442871767,0.4432342685,0.0,0.6813289463,0.7529272033,0.6132788376,0.0
0.163167641,0.8843640572,0.8644702659,0.0,0.0,0.5565623711,0.4802737651,0.2860032576
0.4901825059,0.6892696494,0.6138656379,0.0988304,0.516057199,0.7050402314,0.6334630906,0.0
0.0,0.6782331841,0.508920993,0.0,0.6312910736,0.7201538977,0.572900258,0.1445674101
0.8064622604,0.29110593,0.3101496101,0.5446239921,0.3961376165,0.0,0.7789030493,0.8540521365
0.0,0.7708601315,0.5771704625,0.0,0.556324834,0.6129852824,0.2858454889,0.2567527387
0.1310305799,0.6182123947,0.5682433637,0.0,0.5532444236,0.763242889,0.7322556385,0.2316000794
0.8076096629,0.8770037496,0.8412762215,0.2232209558,0.0,0.5729771871,0.4489372756,0.0
0.7574601223,0.8270893874,0.1111559327,0.4093213769,0.3380357264,0.5600932599,0.4131969458,0.0
0.3754019283,0.548044953,0.3455807761,0.0,0.7951776967,0.0,0.2381950098,0.4487627557
0.7018448866,0.0,0.4791172629,0.5217824332,0.0360904096,0.4885223003,0.0,0.7993055761
0.7712066664,0.0,0.3504272819,0.5712099421,0.4313901708,0.0,0.1480406534,0.8274663446
0.4120466757,0.5537204969,0.3188390505,0.0,0.7953511113,0.0,0.2622682799,0.4400329826
0.6254149264,0.5097637336,0.5229253717,0.5703969057,0.1637395207,0.2963892988,0.7863045697,0.807568521
0.5747689053,0.0414515409,0.4904255005,0.7719000386,0.7640146812,0.378403195,0.0658839291,0.5889778902
0.7715722855,0.3449101538,0.0648811883,0.5830702158,0.5557540965,0.0,0.5493357241,0.7856180076
0.4563722332,0.688401625,0.6295041876,0.1014624962,0.4782325791,0.7009317517,0.6444025978,0.0
0.7597485071,0.0,0.363517516,0.5798504113,0.4428477333,0.0,0.3204325584,0.0
0.6789528114,0.0,0.4838374655,0.4850046008,0.0,0.4793212592,0.0,0.8265960908
0.1250190636,0.8831484249,0.8503321104,0.0,0.0,0.5663832851,0.4446072438,0.3168683087
0.4906093136,0.0,0.3937254581,0.5997899317,0.4692877984,0.1336086214,0.6953350499,0.0
0.381104626,0.0,0.3575993541,0.0,0.7372576486,0.7900157056,0.658567957,0.6193724504
0.2894145094,0.0,0.8762570837,0.9146561219,0.8822073934,0.077000379,0.2535189865,0.4851618408
0.4466277312,0.7616265828,0.7576145426,0.3900459594,0.0579137061,0.5941821896,0.5873518961,0.0
0.7604132626,0.7998440381,0.6541829333,0.0,0.5096572679,0.5903571094,0.2922439879,0.0
0.6467085612,0.4697636176,0.5107776591,0.5594580512,0.1424458031,0.3363866377,0.7984523652,0.8185073755
0.5347422767,0.7191952937,0.653612768,0.02563628,0.0,0.6744039775,0.0,0.1551616878
0.2589543637,0.0,0.7853859365,0.0559049346,0.247677502,0.5699145845,0.4895351002,0.3756418151
0.7000922475,0.0,0.46070324,0.6026108568,0.4133163886,0.0,0.7243160119,0.7968580418
0.691543339,0.7366343572,0.5300367814,0.2380717321,0.0,0.6505872957,0.0,0.0
0.7623928088,0.0,0.3604962581,0.5778564637,0.4402039655,0.0,0.2806501396,0.0
0.8194928663,0.8781854308,0.8352450821,0.2359444084,0.0,0.5737370753,0.4234766696,0.0
0.5293889579,0.6462957692,0.4662102279,0.0,0.6707206418,0.7525185903,0.6265155373,0.0
0.0,0.3004313412,0.7239976145,0.7293248294,0.1424470199,0.1589991116,0.6199947529,0.6273293916
0.6863504315,0.0,0.4839233248,0.5890787577,0.0,0.0,0.7565724731,0.8061731006
0.5758711487,0.5224549957,0.5421708943,0.5700738646,0.0951968575,0.3856247896,0.7853914211,0.7984710123
0.5512053266,0.0,0.389697473,0.597131318,0.4657626072,0.0936081038,0.6652165524,0.0
0.0,0.8845731731,0.7962576835,0.0,0.477638488,0.5572044673,0.2545696702,0.3681133499
0.2106620284,0.0256964481,0.8644251827,0.8936720341,0.1228580117,0.3120796153,0.3659945823,0.5027655102
0.6901485845,0.0,0.4698439003,0.6093460204,0.4232587934,0.0,0.7151761421,0.7901229494
0.4572309901,0.4104406905,0.3685297007,0.0,0.8679448175,0.6151396716,0.0,0.4932548125
0.1812103014,0.1956994249,0.8880811797,0.9122248327,0.8606608492,0.1420807565,0.3423386304,0.4842127013
0.5638615048,0.7367701145,0.6752921885,0.145637644,0.0,0.6568292039,0.5766809028,0.0351603037
0.7835460831,0.0311028705,0.3363302847,0.5619049336,0.4190517187,0.0,0.752725272,0.8367714991
0.7887363467,0.0,0.3257617226,0.0078963395,0.1937107729,0.4724839869,0.7546016454,0.8394476356
0.0,0.3505116109,0.511597792,0.7365630598,0.6988701523,0.0,0.3451610034,0.6467896021
0.3093271982,0.0,0.8508555509,0.8962573655,0.8556378311,0.0,0.2864467822,0.5036629945
0.2914521137,0.0,0.874116052,0.9131793893,0.8801691611,0.0170002843,0.255660709,0.4866385875
0.8859300821,0.0,0.219590953,0.4456447859,0.2124229467,0.0,0.3372605188,0.0
0.23440454,0.0,0.2496431192,0.4913878901,0.3093140625,0.317912769,0.0737378211,0.2987958316
0.393759106,0.0,0.4557186582,0.0,0.7005925234,0.7926246371,0.7126151896,0.5625400982
0.4798261491,0.6274583753,0.0,0.163215223,0.6823344602,0.7724921527,0.6740699609,0.0
0.5663544465,0.0,0.3886906113,0.5964667598,0.4648811837,0.0836079918,0.6519554755,0.0
0.6946191773,0.3797633714,0.4834453234,0.5348453296,0.0945351664,0.426380707,0.8257846298,0.8431199163
0.2921316264,0.0,0.8734022366,0.912687142,0.8794896846,0.0,0.2563745244,0.4871308301
0.3864314871,0.0,0.4822700747,0.6062886906,0.3977711541,0.2631817164,0.0,0.0
0.6915327293,0.0,0.4835717522,0.5701175362,0.0922496927,0.2443754411,0.7844032313,0.8205341047
0.4922803626,0.6723659417,0.5738972442,0.0,0.57438242,0.7253468186,0.6428014517,0.0
0.7132430842,0.8449206848,0.0,0.3335647305,0.2369728547,0.0,0.5335900231,0.0
0.4754880518,0.1364224135,0.0404525934,0.850131769,0.8334768723,0.4505695965,0.0820192037,0.5279475739
0.7715722855,0.3449101538,0.0648811883,0.5830702158,0.5557540965,0.0,0.5493357241,0.7856180076
0.3915803285,0.0,0.5348910359,0.5752494037,0.2397104929,0.3056821855,0.0,0.0
0.7957534152,0.856142938,0.797351063,0.0,0.4268953128,0.5963449836,0.4313781368,0.2222197188
0.5497781953,0.6455754744,0.4347215543,0.0,0.6831716164,0.750585712,0.602204367,0.0
0.0,0.7718237437,0.8225042816,0.0,0.4121037962,0.4659115203,0.3848191478,0.4411241343
0.5459653147,0.6377883583,0.4124247593,0.4174696321,0.0550264753,0.7573007581,0.6062962883,0.0
0.3081679813,0.0,0.2465882408,0.489317793,0.306503174,0.2679136365,0.8674706321,0.0
0.7588672092,0.0,0.3645242791,0.5805150584,0.4437290311,0.0,0.3336934604,0.0
0.6570524094,0.6560667106,0.7259615163,0.725174018,0.3318751336,0.1021602391,0.6255298409,0.6244536026
0.6214936782,0.7244601918,0.5984835172,0.0,0.5539335194,0.6752788032,0.526816315,0.0
0.4254629388,0.0,0.7961113516,0.8951555015,0.0,0.3836303077,0.3151367927,0.4829227831
0.0,0.0,0.6405388361,0.6612875328,0.1285658258,0.1788665382,0.6884139561,0.7063992262
0.3521835421,0.0,0.4565705064,0.0,0.6997050963,0.7920099585,0.7117633084,0.5325394069
0.7994110927,0.2111050514,0.3182046744,0.5499411148,0.4031877299,0.0,0.7708482899,0.8487349597
0.045665901,0.1704191705,0.6733873396,0.7160830804,0.0,0.0367038879,0.6184641819,0.668339656
0.7986109657,0.8712508585,0.8338521906,0.1632210745,0.0,0.5787301731,0.4563612329,0.0285235197
0.0,0.7185490187,0.8763955984,0.0,0.3821030921,0.4386566693,0.4015189655,0.4562954808
0.2037252796,0.0,0.9036594613,0.0,0.2801853328,0.4600920976,0.2949348913,0.4711553822
0.2437253607,0.0,0.8682412324,0.9011723882,0.2401873959,0.4300910362,0.3303531202,0.4977214053
0.0,0.1396370914,0.6591799431,0.66523208,0.1524715468,0.205728376,0.68536106,0.6909482994
0.683312587,0.0515250709,0.0,0.6139762841,0.4300947207,0.0,0.7088923849,0.7854925764
0.1503871211,0.4678416643,0.8808885428,0.0,0.3504385957,0.5357861063,0.3364167052,0.4056482069
0.7868290623,0.8359898313,0.7456539743,0.0,0.4303067659,0.5616876657,0.3202669599,0.0
0.7756187308,0.8125470179,0.6761302459,0.0,0.49445182,0.5776541381,0.2702967386,0.0
0.7747324005,0.0,0.3463991891,0.5685513347,0.4278651994,0.0,0.0949976737,0.8301249298
0.7856838122,0.8351086707,0.7442873406,0.0,0.4314519854,0.5625688242,0.3216334722,0.0
0.6568290806,0.0,0.4097842999,0.4252411708,0.0261599428,0.7490254003,0.430124042,0.0
0.3762046312,0.4915264688,0.8016484413,0.8690571927,0.8263493807,0.0,0.2874728175,0.5296215728
0.6179156846,0.6999309297,0.6127353897,0.6933085413,0.6041885412,0.0,0.5369587909,0.7039448917
0.7902647276,0.838633307,0.7497532945,0.0,0.4268709698,0.5590441858,0.3161674231,0.0
0.2690324805,0.0,0.4582741036,0.0,0.697930242,0.7907806071,0.7100596781,0.4725380321
0.1270192296,0.2785823207,0.6890544442,0.743039466,0.5628653944,0.0,0.5746338489,0.6484841245
0.7843062966,0.8198047518,0.688669729,0.0,0.4857643153,0.5703963914,0.2577571869,0.0
0.5598688328,0.6587565222,0.4658817116,0.0,0.6626667015,0.7384579458,0.590631308,0.0
0.5212995294,0.6288529297,0.0,0.1193483518,0.7012360634,0.7683618346,0.6374369872,0.0
0.864340425,0.9132561252,0.8880422421,0.1223000842,0.0,0.5367334424,0.4020750508,0.0694728471
0.3102346601,0.0,0.8499177108,0.8956049656,0.8547301039,0.0,0.2873848622,0.5043153944
0.6696203057,0.6617244657,0.5487590881,0.6465860259,0.5285655364,0.0,0.6273138471,0.7523285759
0.2621583043,0.0,0.8825351347,0.0,0.3130152447,0.5089597882,0.2979497585,0.4839258432
0.7715722855,0.3449101538,0.0648811883,0.5830702158,0.5557540965,0.0,0.5493357241,0.7856180076
0.6310497676,0.654730981,0.2782811929,0.1178176658,0.6950947717,0.7146651011,0.4035621441,0.0
0.2904336289,0.0,0.8751864297,0.9139177532,0.8811882082,0.0470003211,0.2545896405,0.4859002071
0.6982279761,0.0,0.4624168954,0.6038736696,0.4151806599,0.0,0.722602254,0.795595205
0.6876628267,0.0,0.4721291259,0.6110296902,0.4257449022,0.0,0.7128911102,0.7884391743
0.586538945,0.7081531775,0.0486136028,0.3284517393,0.5634362656,0.6918459891,0.5649696045,0.0
0.894286106,0.9230378313,0.8878416308,0.305405119,0.0,0.529214743,0.3139151457,0.0
0.4461891123,0.6833673052,0.6241655128,0.3605871381,0.2410342056,0.0,0.650716841,0.0
0.3253825745,0.0,0.4213848669,0.4490605684,0.340795865,0.3723261671,0.0,0.9159275321
0.7606300337,0.0,0.3625104838,0.5791857579,0.4419663099,0.0,0.3071716474,0.0
0.2400622304,0.6817575634,0.6802995217,0.0878903005,0.2126504617,0.6702781832,0.6687674816,0.1913918365
0.7280477384,0.2219247354,0.1277367229,0.4358268498,0.3409280738,0.5737178077,0.4445264904,0.0
0.7223619766,0.7942019724,0.6941929231,0.0,0.467247305,0.605099131,0.4131943206,0.0504913762
0.69760639,0.0,0.462988234,0.6042946098,0.415802152,0.0,0.7220310501,0.7951742647
0.7809019788,0.0011026327,0.3393509596,0.5638987861,0.4216957378,0.0,0.749704615,0.8347774595
0.4815496164,0.1564226296,0.06267565,0.8446764411,0.8274151894,0.4305697234,0.0926281424,0.5334029812
0.4361865313,0.2304195077,0.0180697046,0.8383710065,0.7937728399,0.0,0.2991200742,0.5581154499
0.4883032966,0.5373548293,0.681385089,0.8505263296,0.841839845,0.5558538773,0.0,0.5164067286
0.0,0.6367964058,0.0,0.4386247381,0.4222710498,0.0819474049,0.7721729549,0.4083678408
0.2275724183,0.8957888405,0.8707482393,0.0,0.0,0.5513462243,0.4435404359,0.377218529
0.717844452,0.0,0.3786214198,0.589820162,0.4560677031,0.0,0.5193463391,0.0
0.0,0.6702196521,0.4676819592,0.0,0.6542006436,0.7251947984,0.5564206955,0.1481022495
0.4116923345,0.6854329932,0.6423406207,0.3449133853,0.255173359,0.0,0.6554803431,0.0
0.2002673537,0.085697482,0.8727743562,0.900220167,0.8416038712,0.2520800242,0.3576454087,0.4962175463
0.7192995301,0.0,0.4516508148,0.5797192632,0.0,0.2235973987,0.7627647069,0.8181717287
0.3798846408,0.2030381161,0.1797807813,0.4829308203,0.3403130333,0.1838835826,0.7961282491,0.0
0.6870413992,0.0,0.4727002815,0.6114506305,0.4263662539,0.0,0.7123199651,0.788018232
0.8739965388,0.3112700595,0.1604664656,0.4631828603,0.3071452767,0.0,0.3941060296,0.0
0.7100119198,0.0,0.4741419102,0.5371804951,0.1334449902,0.0,0.0457340193,0.7793295147
0.33176253,0.0006885832,0.8441095658,0.8952437109,0.8588618649,0.0,0.2619156437,0.5040168123
0.1997398521,0.0,0.4596937048,0.0,0.6964511164,0.7897563367,0.7086400082,0.4225368903
0.7219872051,0.0,0.462286222,0.0,0.2123810452,0.3443745428,0.8056888396,0.8382524483
0.0,0.769926332,0.5055410553,0.0,0.5742082245,0.5959624455,0.2153353508,0.2554244655
0.4508544739,0.489630684,0.5547885892,0.5862257814,0.0,0.3155063264,0.7554217763,0.0
0.5274625398,0.7148016124,0.6481928983,0.0,0.0,0.6787976991,0.0,0.185162033
0.7399134006,0.2295994495,0.1377370242,0.4422949906,0.3290623866,0.5660430936,0.4345258781,0.0
0.2071971369,0.0456968401,0.8672083202,0.8958548014,0.0973569116,0.2920797447,0.3632115643,0.5005828171
0.7956592821,0.0,0.2528484295,0.2537442737,0.1789265066,0.5168507398,0.7132399071,0.8312599577
0.7128814019,0.7194240095,0.1548392475,0.1740974604,0.6298570832,0.6382915278,0.172290977,0.2654849922
0.2764294022,0.6737060269,0.6612619977,0.0,0.3084314004,0.688137486,0.6762437385,0.1391177494
0.7836132623,0.8616627173,0.8214789083,0.063220769,0.0,0.5883183189,0.4687344849,0.1285237686
0.8772775473,0.9128254368,0.8761502591,0.1063094234,0.0,0.5396610806,0.3459925945,0.0936717238
0.6480132115,0.6518383788,0.0,0.2533389679,0.6989271128,0.7021992344,0.2994248487,0.1270722699
0.7416982224,0.8425624606,0.8043532215,0.0,0.2645729937,0.5517495685,0.4429616773,0.0
0.4719593042,0.659252615,0.5568430159,0.0,0.5947034718,0.7384600565,0.659855799,0.0
0.7337385906,0.0,0.4275794585,0.5815819957,0.0,0.2158919197,0.7511182346,0.8180767342
0.3768482209,0.7066053081,0.6889994256,0.2726724984,0.2290274496,0.0,0.6404276858,0.0
0.7854958554,0.0,0.2671111286,0.0,0.2639014056,0.5668529602,0.6989772634,0.8228672593
0.6413851007,0.4797636048,0.5138146049,0.5621926958,0.1477693361,0.3263872967,0.7954153364,0.8157726357
0.8312816455,0.3410983513,0.137920586,0.5310646725,0.4611519268,0.4273748974,0.3420032191,0.0
0.571141361,0.7411638193,0.6807120106,0.1756378948,0.0,0.6524354754,0.5712609855,0.0051599602
0.8468089,0.8748175031,0.1041122525,0.2679115388,0.0,0.5710824033,0.2816026587,0.0
0.089431062,0.1971232287,0.6851065428,0.7223487771,0.0,0.0028697108,0.6139704424,0.6596258643
0.2941693655,0.0,0.8712612048,0.9112105024,0.8774514524,0.0,0.258516043,0.4886075674
0.4076176713,0.0,0.4554346978,0.0,0.7008883554,0.7928295312,0.7128990839,0.5725403273
0.6932559397,0.0,0.4669871852,0.6072412078,0.4201518946,0.0,0.7180323192,0.7922277581
0.7755111185,0.2511183765,0.1677382812,0.461699421,0.2985597682,0.5430189594,0.4045237419,0.0
0.3806301051,0.0,0.5316989482,0.5723343455,0.2506606705,0.3156822123,0.0,0.0
0.7509347213,0.0,0.373586537,0.5864969202,0.451661214,0.0,0.4530419504,0.0
0.0,0.3519447069,0.4624126644,0.7303673453,0.7045617259,0.0,0.2918044832,0.6447971132
0.4814424338,0.6653720277,0.5648016005,0.0,0.5852203971,0.7323405467,0.651897103,0.0
0.0,0.4460873193,0.7814635922,0.7856815951,0.2724454502,0.286488353,0.5625288381,0.5709726258
0.3799006727,0.0,0.4560025525,0.0,0.7002967603,0.7924197429,0.7123312952,0.5525398651
0.6572489055,0.0,0.3826494319,0.592478966,0.45959302,0.023607307,0.5723897048,0.0
0.5038446117,0.6270896977,0.0,0.1516162797,0.6962794475,0.7717236982,0.6554912253,0.0
0.7751046277,0.8090297557,0.6620368567,0.0,0.5041918739,0.5789839312,0.2549210772,0.0084612755
0.1914052038,0.5016206191,0.8447309244,0.8591875232,0.722438813,0.0,0.4677690789,0.5173233724
0.894692679,0.9233338879,0.8882728961,0.2954050462,0.0,0.5289187902,0.3134837589,0.0
0.7950041482,0.1611043583,0.3232399519,0.5532643693,0.4075944791,0.0,0.7658141248,0.8454118194
0.6741516388,0.0,0.413865496,0.6631166944,0.5986902118,0.0,0.2535374409,0.726463418
0.4134806378,0.0,0.5412751574,0.5810795315,0.2178100919,0.2856821853,0.0,0.0
0.6802300024,0.0,0.4886734882,0.5928610778,0.0,0.0,0.7518224143,0.8023908871
0.8955057269,0.9239258076,0.8891355656,0.2754052875,0.0,0.5283267766,0.3126210413,0.0
0.5500762831,0.6464463742,0.4373799194,0.4124457597,0.0650080442,0.7498487445,0.6019270369,0.0
0.6958732493,0.7605836756,0.6181482488,0.0,0.537079756,0.6355773045,0.4187720997,0.1517995967
0.6723979985,0.0,0.3816423728,0.5918141033,0.4587115337,0.0136071255,0.5591286996,0.0
0.1748902994,0.4736208867,0.4890820213,0.674059575,0.580116039,0.0,0.5659188537,0.2179727356
0.503774528,0.538950404,0.6367412254,0.8441372817,0.8417870695,0.603610208,0.0,0.5111458385
0.4841520441,0.6671206502,0.5670756457,0.0,0.5825107384,0.7305919242,0.6496231308,0.0
0.3133893465,0.2717476872,0.0,0.8381426739,0.7478225806,0.0,0.4294310666,0.5593066772
0.681448216,0.0815255422,0.0,0.615239107,0.4319591913,0.0,0.7071786916,0.7842297455
0.6137692915,0.6385594824,0.2444779558,0.1678154629,0.7123753219,0.7308365016,0.4373653387,0.0
0.4909254902,0.6714915354,0.5727602887,0.0,0.5757372128,0.7262210411,0.6439384378,0.0
0.2971545961,0.0,0.7870501133,0.4823032921,0.0,0.5638308654,0.5625779667,0.2991675186
0.5562447771,0.0801155451,0.5304254477,0.7898051438,0.7825387428,0.4271966214,0.0258834258,0.5710727119
0.7992424679,0.0994590539,0.1877388224,0.4746357107,0.3154165701,0.5276695393,0.3845226325,0.0
0.3459891133,0.0,0.836159379,0.8918393476,0.037512205,0.3646057798,0.2529663285,0.5068395877
0.7582414546,0.7980296041,0.6510480577,0.0,0.5118291339,0.5921715434,0.295378942,0.0
0.2327759909,0.659149674,0.648589635,0.0,0.326390559,0.7007393059,0.691467786,0.1949203304
0.8394223496,0.857936076,0.731705886,0.0,0.5224975829,0.5775510341,0.2021858969,0.2903268697
0.0,0.0445313343,0.7861543418,0.8203583701,0.2474142915,0.3677883511,0.4870905944,0.5691289239
0.8780510992,0.0,0.3922655426,0.4213341663,0.4248159734,0.452327614,0.0,0.7479894341
0.4164348888,0.7368414881,0.7268052047,0.2735632018,0.1684259571,0.6250020044,0.6107005977,0.0
0.558624779,0.6577920004,0.4643719891,0.0,0.663910829,0.7394225625,0.5921411225,0.0
0.0,0.8883110963,0.7529005564,0.0,0.5111680899,0.5296390147,0.3471343714,0.371803428
0.7923600035,0.1311040508,0.3262605371,0.5552583295,0.4102385521,0.0,0.7627935395,0.8434177829
0.2216935062,0.0,0.7841522685,0.0,0.3226376079,0.5638865709,0.4338931742,0.4004135625
0.8645738207,0.914211348,0.8901190655,0.1315704154,0.0,0.5353201422,0.4048226772,0.0586959824
0.6814771533,0.7492507308,0.6000728691,0.0,0.5514759414,0.6469103442,0.4368474422,0.0518003997
0.3737256389,0.0,0.7531319836,0.8148328944,0.1101892371,0.3325842176,0.4454626082,0.5840608781
0.7703253057,0.0,0.3514341795,0.571874605,0.4322716032,0.0,0.1613015329,0.8268016975
0.4512411902,0.0564214448,0.7509933881,0.8719535531,0.8577236037,0.5305699169,0.0395837922,0.5061258818
0.4106964942,0.0,0.8077868176,0.8939501193,0.0,0.381239143,0.2825824597,0.491735395
0.2874517216,0.0,0.8868504974,0.0,0.287049048,0.5156168127,0.3408024195,0.4764142603
0.6905228917,0.6975750596,0.1048399781,0.1252374359,0.6522154869,0.6601404776,0.2222885329,0.2082870191
0.700669111,0.0,0.4771859549,0.5648020281,0.1282890985,0.27437517,0.7907888411,0.8258496294
0.7667664298,0.0,0.2567879527,0.345928502,0.5313646814,0.5875725753,0.2278855698,0.160810467
0.0,0.8559850083,0.7971285933,0.0,0.4271196034,0.5965029135,0.4316008252,0.262219393
0.7669289763,0.8052874372,0.6635874816,0.0,0.5031416394,0.5849138105,0.2828394441,0.0
0.4936350576,0.6732399679,0.5750344071,0.0,0.5730277002,0.7244726002,0.6416644732,0.0
0.6379620626,0.6611993559,0.2918023842,0.0978186541,0.6881825725,0.7081965502,0.3900409952,0.0
0.6113722937,0.0331793138,0.542252046,0.6369412648,0.0,0.2064253568,0.6956833009,0.7586339453
0.7821344374,0.8179903199,0.6855349175,0.0,0.4879361881,0.5722108318,0.2608921214,0.0
0.7538976306,0.7944008299,0.644778252,0.0,0.5161729067,0.5958004136,0.3016486149,0.0
0.4855065134,0.6679946744,0.5682124669,0.0,0.5811560917,0.7297179021,0.648486252,0.0
0.6384616757,0.7239891653,0.5758758696,0.0,0.5731271193,0.6741103198,0.4992311254,0.0
0.0,0.7058328318,0.6310091782,0.0,0.4964521054,0.6893143708,0.61028924,0.112388606
0.7451186398,0.0390797459,0.3857183185,0.58908321,0.0,0.2108684815,0.7160327969,0.8100433473
0.6555639721,0.7288511534,0.5675370737,0.0,0.5773890484,0.6673098106,0.4693830697,0.0
0.7997955836,0.3425529648,0.3480184694,0.5426841898,0.3584137348,0.0,0.7965515877,0.8572963413
0.6275936524,0.6514966107,0.271520511,0.1278172609,0.6985508815,0.7178993825,0.4103227835,0.0
0.7470855496,0.0,0.3067531473,0.4006910021,0.0,0.6577369641,0.3773843332,0.0
0.6507041786,0.0,0.5044634407,0.0,0.6091879817,0.7160652204,0.6693757375,0.7597933593
0.6920129906,0.0,0.4681300562,0.6080830963,0.4213944575,0.0,0.7168899645,0.7913857782
0.1197214387,0.620718253,0.5710771789,0.0,0.548515956,0.7607370424,0.7294218233,0.2215999615
0.3660420414,0.0,0.4562865129,0.0,0.7000008595,0.7922148507,0.7120472688,0.5425396399
0.2097473576,0.5070656813,0.8502590777,0.8651514691,0.7374794767,0.0,0.4589971251,0.5128024959
0.6771219031,0.7061656229,0.4171866495,0.0,0.6369556659,0.669612333,0.3446841712,0.0
0.751827559,0.0388098505,0.3782437947,0.584083256,0.0,0.2111383874,0.7235072515,0.8150433514
0.1002487036,0.8828625331,0.842801407,0.0,0.3555674058,0.5688375337,0.421379584,0.329544792
0.1684933961,0.6085231879,0.5345166669,0.0,0.6176100568,0.7808132322,0.7393775505,0.3006932412
0.4724569975,0.1264223118,0.0293412825,0.8528595772,0.8365078202,0.4605697421,0.0767148172,0.5252198577
0.1834691381,0.6064911932,0.5518204046,0.0,0.5826749077,0.7762315677,0.745143164,0.2830723215
0.17947793,0.2056995498,0.8894726887,0.9133162637,0.8623933693,0.1320808315,0.3409470616,0.4831213651
0.7907039759,0.0,0.323476127,0.2754670542,0.1631408417,0.4524835794,0.7568873132,0.8409429624
0.556431449,0.6869013709,0.0186132271,0.3072755592,0.5935437281,0.7130977005,0.5949713286,0.0
0.2510087317,0.5535837687,0.4543858435,0.4889498449,0.3753896535,0.0,0.8032946985,0.0
0.452083755,0.4197769837,0.3785296755,0.0,0.8730919569,0.630140785,0.0,0.4884492383
0.3524263863,0.0,0.2447557488,0.4880755219,0.3048161928,0.2379141555,0.8519330584,0.0
0.6828299824,0.7407805313,0.5657417959,0.2349932415,0.0,0.6519791223,0.0,0.0
0.7317007378,0.0396195951,0.4006673482,0.5990832182,0.0,0.2103285878,0.701083698,0.800043339
0.3043776332,0.0,0.4141050463,0.4421289054,0.361800788,0.3923265132,0.0,0.9211172759
0.8484896798,0.1510275,0.2006154648,0.516381275,0.4023676195,0.4701671004,0.3452589493,0.0
0.5561364332,0.6558624799,0.4613522498,0.0,0.666399322,0.7413519858,0.5951608618,0.0
0.7650370881,0.0,0.357475619,0.5758624971,0.4375598926,0.0,0.2408672408,0.8228138149
0.7645199772,0.0,0.2252804143,0.3750564188,0.4843441429,0.5840360483,0.3153340212,0.0
0.6613225145,0.7333843762,0.5747672629,0.0,0.5716305802,0.6627765986,0.4621530111,0.0
0.3148613162,0.7094978378,0.7066252141,0.2744089965,0.2299375229,0.0,0.6406825135,0.0
0.7908220273,0.8252480539,0.6980743169,0.0,0.479248663,0.5649530893,0.2483525696,0.0
0.5436950507,0.6462165096,0.4462540685,0.0,0.6788406309,0.7509979699,0.6102590431,0.0
0.1234550241,0.227123239,0.6935090188,0.7297574622,0.4924857083,0.0,0.6055679787,0.6522171678
0.7937006004,0.8412766898,0.7538528131,0.0,0.4234351276,0.556400708,0.3120678863,0.0
0.7873768422,0.1752887905,0.1777385096,0.4681675699,0.3069881327,0.5353442534,0.3945232755,0.0
0.6965509657,0.0,0.4760066159,0.582775171,0.0,0.0,0.7644893158,0.8124766873
0.7888346641,0.0911037296,0.3302881993,0.5579169211,0.4137639946,0.0,0.7587662272,0.8407592834
0.6670809828,0.7379174962,0.5819973961,0.0,0.5658720971,0.6582433838,0.4549227404,0.0
0.3463873289,0.372559716,0.820251736,0.8770907985,0.8317299179,0.0,0.301802784,0.5225829577
0.8091064365,0.3211059854,0.3071282176,0.5426300334,0.39349351,0.0,0.7819235717,0.8560460794
0.6839723392,0.3997633478,0.4895191797,0.5403148028,0.1051820666,0.4063820249,0.8197106907,0.837650535
0.0,0.4648048876,0.4669258681,0.5923646123,0.5939800646,0.0,0.4074139273,0.7248010398
0.6058157288,0.72466383,0.6153000131,0.0,0.5351326854,0.6752917888,0.5463175023,0.0
0.6188603709,0.8249658554,0.8167132581,0.500670184,0.0,0.5392390367,0.5175147502,0.0
0.0,0.4572915353,0.7858840142,0.7900167485,0.2824453096,0.2962951997,0.5581083943,0.5666374996
0.6495898997,0.6916138957,0.6412010528,0.6842312336,0.4088291233,0.0,0.6569364477,0.6980794991
0.8061098478,0.8760449359,0.840038875,0.213220947,0.0,0.5739360957,0.4501745917,0.0
0.7770979411,0.0,0.3810072893,0.0,0.1574303766,0.3940499015,0.7845753377,0.8450731934
0.2934151151,0.0,0.2471991182,0.489731849,0.3070653214,0.2779134622,0.8668598248,0.0
0.751827559,0.0388098505,0.3782437947,0.584083256,0.0,0.2111383874,0.7235072515,0.8150433514
0.6695657919,0.0,0.4433810746,0.659884187,0.5765358178,0.0,0.2362425594,0.7346035557
0.7914788492,0.1211038373,0.3272673629,0.5559229798,0.4111199127,0.0,0.7617867406,0.842753231
0.2963697135,0.6227170861,0.0,0.1901489836,0.5524111255,0.7600050952,0.7266633098,0.0070828998
0.7936553162,0.0,0.3200479043,0.5551402049,0.117285963,0.4224829718,0.7603151746,0.8431859491
0.7647570967,0.8034730021,0.6604526504,0.0,0.5053135054,0.5867282445,0.2859742904,0.0
0.7391104484,0.0,0.4151561214,0.5828440182,0.0,0.1063070575,0.7436243116,0.8171330458
0.0,0.7536422207,0.7000338952,0.0,0.3904590749,0.6385860653,0.5599410913,0.072461939
0.7389863634,0.0,0.4152780151,0.5829310887,0.0,0.0963068218,0.7435023845,0.817046161
0.8918481757,0.9212630311,0.1283311052,0.3654055445,0.0751930487,0.5309896399,0.3165016806,0.0
0.5855676493,0.6598751607,0.6293032037,0.7542504468,0.7321612656,0.1741759945,0.2344183727,0.6197467017
0.6994708607,0.0,0.4612744117,0.6030318011,0.4139377516,0.0,0.7237447377,0.7964370976
0.2800070723,0.0,0.8517079155,0.8916061956,0.1047809865,0.3456424478,0.3269727849,0.5080528098
0.7620699719,0.0,0.2648387276,0.2815903704,0.5806684937,0.5902238414,0.062295971,0.3913205955
0.7441832333,0.7500125325,0.2248383649,0.2425014674,0.5985552712,0.6077029877,0.1022942856,0.3455621457
0.7926118748,0.8674156038,0.8289029391,0.1232208402,0.0,0.5825654278,0.4613105276,0.0685237156
0.3564325494,0.7097835308,0.6987153241,0.1988708754,0.2284281319,0.6520598782,0.6387903969,0.0395277939
0.3337256429,0.0,0.7885502125,0.8413989146,0.1501889118,0.3625861868,0.4100440947,0.5574949084
0.6534977809,0.0872964406,0.3204224304,0.6958018914,0.6852857855,0.1710274619,0.235885782,0.6650760538
0.1027302252,0.6115520769,0.4616813285,0.0,0.694380459,0.7883219005,0.7066524175,0.3525352825
0.3693200303,0.6857529843,0.6569155817,0.0996989637,0.3750853923,0.6886256321,0.6600518416,0.0
0.1316106425,0.5985565992,0.78152014,0.0,0.3920765347,0.5439800811,0.3133123185,0.4233145096
0.2421633007,0.0,0.7848105437,0.0,0.2888668045,0.5676229449,0.463686416,0.389030296
0.7491845046,0.0,0.2410023423,0.39913178,0.0348326491,0.6471524237,0.4332250896,0.0
0.3824496132,0.5112390785,0.7977038806,0.8676513169,0.82585253,0.0,0.2826310301,0.5306737315
0.3106079123,0.0,0.4574222197,0.0,0.6988178012,0.7913952838,0.7109115593,0.5025387234
0.0,0.7236592451,0.9029473107,0.0,0.3759565745,0.4129449868,0.4253395824,0.4594009047
0.0,0.0,0.6198376755,0.6564766122,0.1017401352,0.188311748,0.6910029466,0.72078316
0.4785187868,0.1464224651,0.0515640581,0.8474041574,0.8304460308,0.4405696348,0.087323673,0.5306752776
0.4081043028,0.0,0.5180409834,0.5988400594,0.3105569433,0.2739874863,0.0,0.0
0.7599607583,0.8049188911,0.6756803447,0.0,0.4935768588,0.5884273861,0.3157661769,0.0253994066
0.8910351278,0.9206712096,0.1558033557,0.3854059732,0.1043400565,0.5315814615,0.3173644581,0.0
0.5355036178,0.5839087986,0.8174866751,0.836506337,0.6846329917,0.0,0.4892778649,0.5425000681
0.880069707,0.0,0.1926745842,0.4550860618,0.2628843141,0.0,0.3681110305,0.0
0.0,0.8143398138,0.7753497403,0.0,0.4367772148,0.4954694096,0.3620707553,0.4285478113
0.792426464,0.0,0.3008036575,0.12855388,0.1925560853,0.490921234,0.7419717939,0.8373179074
0.2237252439,0.0,0.8859504279,0.9144553907,0.2601871446,0.4450921875,0.3126439604,0.4844383371
0.53125343,0.6365703425,0.0,0.0393487146,0.6912821476,0.7606443314,0.6253575557,0.0
0.5449390309,0.6471811286,0.4477638884,0.0,0.6775965034,0.7500333509,0.6087492839,0.0
0.6926343479,0.0,0.4675584593,0.607662152,0.4207733867,0.0,0.717461045,0.7918066252
0.5275202878,0.6336758211,0.0,0.0693481719,0.6950153657,0.7635385635,0.6298878965,0.0
0.1583249786,0.4716189318,0.8353839751,0.8507108254,0.7057300002,0.0,0.4771161347,0.5258000701
0.3086467162,0.0,0.8515590252,0.8967467598,0.8563190803,0.0,0.2857432737,0.5031735948
0.751827559,0.0388098505,0.3782437947,0.584083256,0.0,0.2111383874,0.7235072515,0.8150433514
0.4851420094,0.1782623628,0.0804883808,0.8395800902,0.8204926606,0.3919725323,0.1160978965,0.5398882953
0.6335779187,0.032388493,0.388798301,0.7132242815,0.6965380085,0.1238461111,0.2619906889,0.6537261836
0.6699602169,0.7401841063,0.5856125059,0.0,0.562992863,0.6559767791,0.4513078206,0.0
0.756069517,0.7962152629,0.6479131624,0.0,0.5140010203,0.5939859774,0.2985137785,0.0
0.8855520729,0.0,0.3886256531,0.4178683035,0.4353184974,0.4623277948,0.0,0.7191349087
0.6668252751,0.7648244078,0.1286146489,0.3849215533,0.4831498342,0.6351747588,0.4849652537,0.0
0.7037144727,0.0,0.4750575746,0.5630301921,0.1403022337,0.2843750851,0.7929173778,0.8276214488
0.7344501227,0.0,0.413760962,0.5896261583,0.4254097226,0.0,0.2636404229,0.0
0.8963187054,0.9245176306,0.8899980963,0.2554053354,0.0,0.5277349536,0.3117585761,0.0
0.7715722855,0.3449101538,0.0648811883,0.5830702158,0.5557540965,0.0,0.5493357241,0.7856180076
0.2828909798,0.0,0.4579901432,0.0,0.6982258731,0.7909854993,0.7103436385,0.4825382651
0.3064304708,0.6872350544,0.6753069901,0.0,0.2784303346,0.6746084543,0.6621987461,0.1017716113
0.3055417954,0.4334678971,0.6403892056,0.7066331066,0.5097671188,0.0,0.6154905363,0.0
0.0,0.7540654235,0.8404678563,0.0,0.4021035615,0.45682657,0.3903857847,0.4461812324
0.5590083024,0.7338409543,0.6716789849,0.125637392,0.0,0.65975831,0.5802942065,0.0551605355
0.7399794516,0.0,0.4143017287,0.58223517,0.0,0.1763086536,0.7444775345,0.8177418957
0.7715722855,0.3449101538,0.0648811883,0.5830702158,0.5557540965,0.0,0.5493357241,0.7856180076
0.2135982826,0.0,0.4594096756,0.0,0.6967469484,0.789961227,0.7089239686,0.4325371195
0.1881401961,0.1556985934,0.8825150242,0.9078595619,0.8537310063,0.1820804977,0.3479046664,0.4885780565
0.7929938933,0.827062586,0.7012092024,0.0,0.4770767902,0.5631386511,0.2452177233,0.0
0.0,0.8838033967,0.8072878578,0.0,0.4610615411,0.5627814163,0.274873241,0.3636029435
